City,Job Title,Job Link,Company Name,Company Link,Location,Salary,Job Views,Time of Post,Job Description,Skills Required,Job Industry,Functional Area,Total Positions,Job Shift,Job Type,Job Location,Gender,Minimum Education,Career Level,Minimum Experience,Apply Before,Posting Date
Islamabad,Senior WordPress Developer,https://www.rozee.pk/ninja-softs-pvt-limited-senior-wordpress-developer-kharianislamabadgujranwalagujratlahorerawalpindilalamusawah-cantt-jobs-1736112?utm_source=jobSearch&utm_medium=website&utm_content=jobSearch_1736112&utm_campaign=ROZEE.PK_job_search,Ninja Softs (PVT) Limited,//www.rozee.pk/company/ninja-softs-pvt-limited,Multiple Cities,N/A,687 views,Posted 6 days ago,Null,"HTML5, CSS3, WP, WooCommerce, MySQL, Jquery",Information Technology,Software & Web Development,1 Post,First Shift (Day),Full Time/Permanent,"Islamabad, Gujranwala, Lahore, Rawalpindi, Gujrat, Kharian, Wah Cantt, Lalamusa",No Preference,Bachelors,Experienced Professional,N/A,"Nov 08, 2025","Oct 23, 2025"
Islamabad,Customer Relations Officer (CRO),https://www.rozee.pk/customer-relations-officer-cro-islamabad-jobs-1741796?utm_source=jobSearch&utm_medium=website&utm_content=jobSearch_1741796&utm_campaign=ROZEE.PK_job_search,Abacus Outsourcing,javascript:;,Islamabad,"PKR. 37,000 - 37,000/Month",66 views,Posted 8 hours ago,Null,"Customer Service, Inbound Call Handling, Verbal Communication in English or Urdu, Familiarity with Hootsuite, Familiarity with Buffer, Team Collaboration, Customer Relations, BPO experience (advantageous)",N/A,N/A,1 Post,First Shift (Day),First Shift (Day),Islamabad,No Preference,Bachelors,Entry Level,N/A,"Nov 29, 2025","Oct 29, 2025"
Islamabad,Scrum Master,https://www.rozee.pk/scrum-master-islamabad-jobs-1741782?utm_source=jobSearch&utm_medium=website&utm_content=jobSearch_1741782&utm_campaign=ROZEE.PK_job_search,Kemat consulting,javascript:;,Islamabad,"PKR. 300,000 - 300,000/Month",40 views,Posted 8 hours ago,Null,"Agile Software Development, Scrum facilitation, Sprint Planning, Daily Stand-ups, Sprint Review, Sprint Retrospective, Backlog Refinement, Coaching and Mentoring, Agile Mindset, Removing impediments, Stakeholder Management, JIRA, Confluence, Communication, Conflict Management",N/A,N/A,1 Post,First Shift (Day),First Shift (Day),Islamabad,No Preference,Bachelors,Entry Level,N/A,"Nov 29, 2025","Oct 29, 2025"
Islamabad,Executive Channel Planning,https://www.rozee.pk/executive-channel-planning-islamabad-jobs-1741768?utm_source=jobSearch&utm_medium=website&utm_content=jobSearch_1741768&utm_campaign=ROZEE.PK_job_search,Zong,javascript:;,Islamabad,N/A,36 views,Posted 8 hours ago,Null,"Communnication Skills, Interpersonal Skills, Problem Solving Skills, Analytical Skills, Strong Business Knowledge, Strong grip on excel and PPTs, Excellent Problem Solving Skills",N/A,N/A,1 Post,First Shift (Day),First Shift (Day),Islamabad,No Preference,Bachelors,Executive,N/A,"Nov 29, 2025","Oct 29, 2025"
Islamabad,Assistant Manager Sales Operations,https://www.rozee.pk/assistant-manager-sales-operations-islamabad-jobs-1741766?utm_source=jobSearch&utm_medium=website&utm_content=jobSearch_1741766&utm_campaign=ROZEE.PK_job_search,Zong,javascript:;,Islamabad,N/A,46 views,Posted 8 hours ago,Null,"Strong Analytical Skills, Takes <br />
  Ownership, Strong <br />
  Follow up Skills, Team <br />
  Management, Effective <br />
  problem Solving Skills, Interpersonal <br />
  & Communication Skills  Self, Time <br />
  & Stress Management, Detailed <br />
  Understanding of Telecommunication, Well <br />
  versed with sales operation, Expertise <br />
  and domain level knowledge in process",N/A,N/A,1 Post,First Shift (Day),First Shift (Day),Islamabad,No Preference,Bachelors,Mid-Level,N/A,"Nov 29, 2025","Oct 29, 2025"
Islamabad,Executive Cost Analysis,https://www.rozee.pk/executive-cost-analysis-islamabad-jobs-1741764?utm_source=jobSearch&utm_medium=website&utm_content=jobSearch_1741764&utm_campaign=ROZEE.PK_job_search,Zong,javascript:;,Islamabad,N/A,26 views,Posted 8 hours ago,Null,"Experience of understanding user, Strong organization & project <br />
      management, Ability to handle high pressure <br />
      situations, Problem solving and Interpersonal <br />
      skills, Excellent teamwork skills and <br />
      desire to help, Must be highly proficient in <br />
      operating MS, PowerPoint, Word, Etc.)., Proficient in preparation of <br />
      reports, dashboards and documentation., Technical understanding of Network, Strong data and analytical skills",N/A,N/A,1 Post,First Shift (Day),First Shift (Day),Islamabad,No Preference,Bachelors,Executive,N/A,"Nov 29, 2025","Oct 29, 2025"
Islamabad,Executive International Business,https://www.rozee.pk/executive-international-business-islamabad-jobs-1741762?utm_source=jobSearch&utm_medium=website&utm_content=jobSearch_1741762&utm_campaign=ROZEE.PK_job_search,Zong,javascript:;,Islamabad,N/A,11 views,Posted 8 hours ago,Null,"Goal oriented with focus on deliverable, Able to manage multiple leads at a time., Time Management, self-driven attitude, Ability To Work Independently, Proficiency in IR network flows and anticipation, Understanding of network and charging problems, product configuration, Development, and system configuration.",N/A,N/A,1 Post,First Shift (Day),First Shift (Day),Islamabad,No Preference,Bachelors,Executive,N/A,"Nov 29, 2025","Oct 29, 2025"
Islamabad,Senior Executive Cloud Solutions,https://www.rozee.pk/senior-executive-cloud-solutions-islamabad-jobs-1741760?utm_source=jobSearch&utm_medium=website&utm_content=jobSearch_1741760&utm_campaign=ROZEE.PK_job_search,Zong,javascript:;,Islamabad,N/A,9 views,Posted 8 hours ago,Null,"and disaster recovery services., cloud platform UAT is plus., Databases, Security Services, and other SaaS-based solutions, Storage, Networking, Security, containers services, managed databases, And Other Related Services, Computing, Cloud Native technologies, Containers, Dockers, Kubernetes, Database management (SQL, MySQL, Oracle and etc.) disaster recovery services, and other related cloud services, PAAS, Effective Training and Development Capabilities, Strategic Thinking and Decision-Making Skills, Analytical and problem-solving abilities, Project Management And Coordination Skills, Proficiency in Research & Market Analysis, Example: AWS/Azure, Huawei, SAP, SaaS, المحاسبة للشركات, Google Cloud, Salesforce etc., Excellent Communication, Presentation, and negotiation skills., PaaS and SaaS services, Experience in defining cloud platform branding, Marketing Strategies",N/A,N/A,1 Post,First Shift (Day),First Shift (Day),Islamabad,No Preference,Bachelors,Mid-Level,N/A,"Nov 29, 2025","Oct 29, 2025"
Islamabad,Field Sales Executive,https://www.rozee.pk/smsami-field-sales-executive-islamabad-jobs-1741754?utm_source=jobSearch&utm_medium=website&utm_content=jobSearch_1741754&utm_campaign=ROZEE.PK_job_search,SMSAMI,//www.rozee.pk/company/smsami,Islamabad,"PKR. 40,000 - 80,000/Month",56 views,Posted 8 hours ago,Null,"Presentation Skills, Communication Skills, B2B Business Development, SaaS Software Command",Information Technology,Sales & Business Development,4 Posts,First Shift (Day),Full Time/Permanent,Islamabad,No Preference,Bachelors,Entry Level,Fresh,"Nov 29, 2025","Oct 29, 2025"
Islamabad,Trainee Engineer,https://www.rozee.pk/trainee-engineer-islamabad-jobs-1741738?utm_source=jobSearch&utm_medium=website&utm_content=jobSearch_1741738&utm_campaign=ROZEE.PK_job_search,Inbox Business Technologies,javascript:;,Islamabad,N/A,12 views,Posted 8 hours ago,Null,"Troubleshooting, Hardware, Software, Networking, Windows Operating Systems, Microsoft Office, Communication, Analytical Thinking, Problem-Solving",N/A,N/A,1 Post,First Shift (Day),Contract,Islamabad,No Preference,Bachelors,Entry Level,N/A,"Nov 29, 2025","Oct 29, 2025"
Islamabad,Junior to Mid Project Coordinator,https://www.rozee.pk/junior-to-mid-project-coordinator-islamabad-jobs-1741736?utm_source=jobSearch&utm_medium=website&utm_content=jobSearch_1741736&utm_campaign=ROZEE.PK_job_search,Zeki Expert Solutions,javascript:;,Islamabad,"PKR. 100,000 - 100,000/Month",30 views,Posted 8 hours ago,Null,"Project Management, Agile, Waterfall, SCRUM, Asana, Trello, JIRA, MS Project, Communication, Leadership, Organizational Skills, Risk Management, Stakeholder Communication, Project Planning, Team Coordination",N/A,N/A,1 Post,First Shift (Day),First Shift (Day),Islamabad,No Preference,Bachelors,Entry Level,N/A,"Nov 29, 2025","Oct 29, 2025"
Islamabad,Assistant Branch Manager,https://www.rozee.pk/pakson-international-plastic-industries-assistant-branch-manager-islamabad-jobs-1741672?utm_source=jobSearch&utm_medium=website&utm_content=jobSearch_1741672&utm_campaign=ROZEE.PK_job_search,Pakson International Plastic Industries,//www.rozee.pk/company/pakson-international-plastic-industries,Islamabad,"PKR. 30,000 - 40,000/Month",73 views,Posted 8 hours ago,Null,"Communication Skills, Branch Accounting, Branch Handling, Branch Support., Branch Administration Skills, Branch Banking, Branch Management, Opening Branch Offices",Manufacturing,Sales & Business Development,1 Post,First Shift (Day),Full Time/Permanent,Islamabad,No Preference,Intermediate/A-Level,Entry Level,1 Year,"Nov 29, 2025","Oct 29, 2025"
Islamabad,Call Center Representative,https://www.rozee.pk/dna-bpo-solutions-pvt-ltd-call-center-representative-islamabad-jobs-1740584?utm_source=jobSearch&utm_medium=website&utm_content=jobSearch_1740584&utm_campaign=ROZEE.PK_job_search,DNA BPO Solutions Pvt Ltd,//www.rozee.pk/company/dna-bpo-solutions-pvt-ltd,Islamabad,"PKR. 50,000 - 70,000/Month",145 views,Posted Yesterday,Null,"Communication Skills, Fluent in Engslish, Call Control, Call Headlining, Call Center Development",BPO,Client Services & Customer Support,5 Posts,First Shift (Day),Full Time/Permanent,Islamabad,No Preference,Intermediate/A-Level,Experienced Professional,2 Years,"Nov 28, 2025","Oct 28, 2025"
Islamabad,Front Desk Officer (Night Shift),https://www.rozee.pk/front-desk-officer-night-shift-islamabad-jobs-1741698?utm_source=jobSearch&utm_medium=website&utm_content=jobSearch_1741698&utm_campaign=ROZEE.PK_job_search,Mars Consulting,javascript:;,Islamabad,"PKR. 90,000 - 90,000/Month",43 views,Posted 9 hours ago,Null,"Front Desk Operations, Customer Service, Hospitality, Security Protocols, Meeting logistics coordination, Communication handling, Visitor Management, Clerical Duties, Inventory Management, Office supply ordering, Record Keeping",N/A,N/A,1 Post,First Shift (Day),First Shift (Day),Islamabad,No Preference,Bachelors,Entry Level,N/A,"Nov 29, 2025","Oct 29, 2025"
Islamabad,Maintenance Supervisor,https://www.rozee.pk/maintenance-supervisor-islamabad-jobs-1741692?utm_source=jobSearch&utm_medium=website&utm_content=jobSearch_1741692&utm_campaign=ROZEE.PK_job_search,Vibractive,javascript:;,Islamabad,"PKR. 70,000 - 70,000/Month",29 views,Posted 9 hours ago,Null,"Electrical wiring troubleshooting, HVAC System Maintenance, UPS and solar power system maintenance, Preventive Maintenance, Emergency maintenance response, Repair of rides and arcade machines, Record Keeping, Workshop safety and organization",N/A,N/A,1 Post,First Shift (Day),First Shift (Day),Islamabad,No Preference,Diploma,Entry Level,N/A,"Nov 29, 2025","Oct 29, 2025"
Islamabad,Executive Secretary,https://www.rozee.pk/digital-business-world-pvt-ltd-executive-secretary-islamabad-jobs-1741624?utm_source=jobSearch&utm_medium=website&utm_content=jobSearch_1741624&utm_campaign=ROZEE.PK_job_search,Digital Business World Pvt Ltd,//www.rozee.pk/company/digital-business-world-pvt-ltd,Islamabad,N/A,59 views,Posted 9 hours ago,Null,"MS Office, Computer Proficient, Typing Skills",Construction / Cement / Metals,"Secretarial, Clerical & Front Office",1 Post,First Shift (Day),Full Time/Permanent,Islamabad,Female,Intermediate/A-Level,Entry Level,N/A,"Nov 30, 2025","Oct 29, 2025"
Islamabad,Senior Cybersecurity Operations Engineering Manager,https://www.rozee.pk/senior-cybersecurity-operations-engineering-manager-islamabad-jobs-1741590?utm_source=jobSearch&utm_medium=website&utm_content=jobSearch_1741590&utm_campaign=ROZEE.PK_job_search,Careem,javascript:;,Islamabad,N/A,7 views,Posted 9 hours ago,Null,"Threat Intelligence Platforms, and Response (SOAR), Security Orchestration, Automation, Incident Response, Machine Learning, Cross-functional Collaboration, EDR, Cloud Security, Security Operations, Threat Hunting, Security Information and Event Management (SIEM), Endpoint Detection and Response (EDR), security tools management, SIEM, AI, Cybersecurity, Network Security, Leadership, SOAR platforms",N/A,N/A,1 Post,First Shift (Day),First Shift (Day),Islamabad,No Preference,N/A,Manager,N/A,"Nov 29, 2025","Oct 29, 2025"
Islamabad,Partnership Officer,https://www.rozee.pk/partnership-officer-islamabad-jobs-1741574?utm_source=jobSearch&utm_medium=website&utm_content=jobSearch_1741574&utm_campaign=ROZEE.PK_job_search,Save the Children,javascript:;,Islamabad,N/A,33 views,Posted 9 hours ago,Null,"Partnership Management, Due Diligence, Capacity Assessments, Organizational assessments, Compliance reviews, Analytical Skills, Report Writing, Localization, Risk Management, English Fluency, Urdu Fluency, Local languages (Punjabi, Pashto) preferred, Partner Assessment and Due Diligence tools, Humanitarian Coordination, Grant and sub-award management",N/A,N/A,1 Post,First Shift (Day),First Shift (Day),Islamabad,No Preference,Master,Mid-Level,N/A,"Nov 29, 2025","Oct 29, 2025"
Islamabad,Temporary Register,https://www.rozee.pk/temporary-register-islamabad-jobs-1741562?utm_source=jobSearch&utm_medium=website&utm_content=jobSearch_1741562&utm_campaign=ROZEE.PK_job_search,Australian Government,javascript:;,Islamabad,N/A,49 views,Posted 9 hours ago,Null,"Administrative Support, Corporate Support, Driving, responsiveness to short-notice staffing, Professionalism, Confidentiality, Compliance with policies and procedures",N/A,N/A,1 Post,First Shift (Day),First Shift (Day),Islamabad,No Preference,Bachelors,Entry Level,N/A,"Nov 29, 2025","Oct 29, 2025"
Islamabad,Assistant Manager Brand Communications (MARCOMS) Dte,https://www.rozee.pk/assistant-manager-brand-communications-marcoms-dte-islamabad-jobs-1741548?utm_source=jobSearch&utm_medium=website&utm_content=jobSearch_1741548&utm_campaign=ROZEE.PK_job_search,NUST,javascript:;,Islamabad,N/A,31 views,Posted 9 hours ago,Null,"Content Development, Editing, Brand Communication, Writing, Content Production, Marketing Communication, Communication Strategy, Data-Driven Storytelling, Editing and Proofreading, trend evaluation, Reporting and Monitoring",N/A,N/A,1 Post,First Shift (Day),First Shift (Day),Islamabad,No Preference,Bachelors,Entry Level,N/A,"Nov 29, 2025","Oct 29, 2025"
Islamabad,Construction Coordinator,https://www.rozee.pk/construction-coordinator-islamabad-jobs-1741540?utm_source=jobSearch&utm_medium=website&utm_content=jobSearch_1741540&utm_campaign=ROZEE.PK_job_search,Save the Children,javascript:;,Islamabad,N/A,35 views,Posted 9 hours ago,Null,"Report writing and communication in English and, Participatory design approaches, Community-based construction, climate-resilient design principles, gender-sensitive, Knowledge of child-friendly, Team-Building, Coordination, Leadership, Construction and infrastructure project, MS Project or equivalent software, AutoCad, and logistics management, Budget, Contractor, Shelter and community infrastructure programmes, Post-disaster rehabilitation",N/A,N/A,1 Post,First Shift (Day),First Shift (Day),Islamabad,No Preference,Bachelors,Entry Level,N/A,"Nov 29, 2025","Oct 29, 2025"
Islamabad,Social Media Moderator,https://www.rozee.pk/abacus-consulting-social-media-moderator-islamabad-jobs-1741094?utm_source=jobSearch&utm_medium=website&utm_content=jobSearch_1741094&utm_campaign=ROZEE.PK_job_search&utm_term=undefined,Abacus Consulting,//www.rozee.pk/company/abacus-consulting,Islamabad,"PKR. 40,000 - 45,000/Month",50 views,Posted Yesterday,Null,"Customer Satisfaction Management, Handling Customer Interactions, Social Media Chat Support",Information Technology,Client Services & Customer Support,10 Posts,Rotating,Full Time/Permanent,Islamabad,Male,Bachelors,Entry Level,N/A,"Nov 28, 2025","Oct 28, 2025"
Islamabad,Senior Accountant,https://www.rozee.pk/latimer-accounting-senior-accountant-islamabad-rawalpindi-jobs-1741524?utm_source=jobSearch&utm_medium=website&utm_content=jobSearch_1741524&utm_campaign=ROZEE.PK_job_search&utm_term=undefined,Latimer Accounting,//www.rozee.pk/company/latimer-accounting,Multiple Cities,"PKR. 100,000 - 125,000/Month",171 views,Posted 10 hours ago,Null,"Financial Statements, Reconciliation, Accounts  Administration, Taxation",N/A,"Accounts, Finance & Financial Services",1 Post,First Shift (Day),Full Time/Permanent,"Islamabad, Rawalpindi",No Preference,Bachelors,Experienced Professional,2 Years,"Nov 30, 2025","Oct 29, 2025"
Islamabad,Research Intern - AI / ML,https://www.rozee.pk/intelligent-robotics-research-intern-ai-ml-jobs-1741516?utm_source=jobSearch&utm_medium=website&utm_content=jobSearch_1741516&utm_campaign=ROZEE.PK_job_search&utm_term=undefined,Intelligent Robotics,//www.rozee.pk/company/intelligent-robotics,Islamabad,N/A,28 views,Posted 10 hours ago,Null,"Engineer, Computer Vision, ML, AI, Programming, Automation Languages Command, Research Skills",Artificial Intelligence (AI),Artificial Intelligence (AI),1 Post,Work from Home,Internship,Islamabad,No Preference,Bachelors,Intern/Student,Fresh,"Nov 30, 2025","Oct 29, 2025"
Islamabad,Automation Marketing Tech Assistant,https://www.rozee.pk/awaremed-automation-marketing-tech-assistant-islamabad-karachi-lahore-jobs-1741432?utm_source=jobSearch&utm_medium=website&utm_content=jobSearch_1741432&utm_campaign=ROZEE.PK_job_search&utm_term=undefined,AWAREmed,//www.rozee.pk/company/awaremed,Multiple Cities,"PKR. 100,000 - 200,000/Month",30 views,Posted 10 hours ago,Null,"Copywriting & Funnel Messaging Alignment, Zapier & API Integration, Email Marketing, SMS & Voicemail Automation, Workflow & Pipeline Automation, Lead Nurturing & Drip Campaigns, Appointment Scheduling Automation, Marketing Analytics & Dashboard Reporting, Reputation Management Automation, Funnel Building (Landing Pages & Triggers, CRM Data Management & Hygiene, QA Testing Automations, Asana Project Management, GHL Builder), Basic Graphic Design (Canva, Strong Written & Spoken English Communication, Time Management, Problem Solving",N/A,Marketing,1 Post,First Shift (Day),Full Time/Permanent,"Islamabad, Karachi, Lahore",No Preference,N/A,Experienced Professional,3 Years,"Nov 30, 2025","Oct 29, 2025"
Islamabad,Electrical Technician,https://www.rozee.pk/awami-trade-center-islamabad-electrical-technician-islamabad-jobs-1741418?utm_source=jobSearch&utm_medium=website&utm_content=jobSearch_1741418&utm_campaign=ROZEE.PK_job_search&utm_term=undefined,Awami Trade Center Islamabad,//www.rozee.pk/company/awami-trade-center-islamabad,Islamabad,"PKR. 45,000 - 50,000/Month",20 views,Posted 10 hours ago,Null,"Building Electricann, Genrator Operator, Motors Starter, Troubleshooting Of Ats",N/A,Maintenance/Repair,1 Post,First Shift (Day),Full Time/Permanent,Islamabad,Male,Diploma,Experienced Professional,N/A,"Nov 29, 2025","Oct 29, 2025"
Islamabad,Sales / Call Agent,https://www.rozee.pk/xtreme-detailing-ppf-studio-sales-call-agent-islamabad-jobs-1741460?utm_source=jobSearch&utm_medium=website&utm_content=jobSearch_1741460&utm_campaign=ROZEE.PK_job_search&utm_term=undefined,Xtreme Detailing PPF Studio,//www.rozee.pk/company/xtreme-detailing-ppf-studio,Islamabad,"PKR. 35,000 - 150,000/Month",32 views,Posted 10 hours ago,Null,"Query Language, Deal Closure, Customer Serivce Skills, End-to-End Sale, Retail Sales",AutoMobile,Sales & Business Development,6 Posts,First Shift (Day),Full Time/Permanent,Islamabad,No Preference,Bachelors,Entry Level,N/A,"Nov 29, 2025","Oct 29, 2025"
Islamabad,Senior HR Officer,https://www.rozee.pk/job/detail/1741504?utm_source=jobSearch&utm_medium=website&utm_content=jobSearch_1741504&utm_campaign=ROZEE.PK_job_search&utm_term=undefined,Null,Null,Islamabad,N/A,273 views,Posted 10 hours ago,Null,"Leadership Skills, Communication Skills, Organizational Skills",N.G.O./Social Services,Human Resources,1 Post,First Shift (Day),Full Time/Permanent,Islamabad,No Preference,Masters,Experienced Professional,5 Years (In similar role),"Nov 21, 2025","Oct 29, 2025"
Islamabad,Null,https://www.rozee.pk/novacare-hospitals-pvt-ltd-senior-manager-radiology-islamabad-jobs-1741496?utm_source=jobSearch&utm_medium=website&utm_content=jobSearch_1741496&utm_campaign=ROZEE.PK_job_search&utm_term=undefined,Null,Null,Null,N/A,Null,Null,Null,Null,N/A,N/A,N/A,N/A,N/A,N/A,N/A,N/A,N/A,N/A,N/A,N/A
Islamabad,Trade Officer,https://www.rozee.pk/knox-solar-pvt-ltd-trade-officer-islamabad-jobs-1741494?utm_source=jobSearch&utm_medium=website&utm_content=jobSearch_1741494&utm_campaign=ROZEE.PK_job_search&utm_term=undefined,Knox Solar Pvt Ltd,//www.rozee.pk/company/knox-solar-pvt-ltd,Islamabad,"PKR. 80,000 - 90,000/Month",46 views,Posted 11 hours ago,Null,"Trade Compliance, Remittances and Trade Finance, Foreign Trade Policy, Trade Operations",Electronics,Supply Chain Management,3 Posts,First Shift (Day),Full Time/Permanent,Islamabad,No Preference,Bachelors,Experienced Professional,3 Years,"Nov 29, 2025","Oct 29, 2025"
Islamabad,Null,https://www.rozee.pk/novacare-hospitals-pvt-ltd-laboratory-manager-islamabad-jobs-1741488?utm_source=jobSearch&utm_medium=website&utm_content=jobSearch_1741488&utm_campaign=ROZEE.PK_job_search&utm_term=undefined,Null,Null,Null,N/A,Null,Null,Null,Null,N/A,N/A,N/A,N/A,N/A,N/A,N/A,N/A,N/A,N/A,N/A,N/A
Islamabad,SEO Expert,https://www.rozee.pk/transport-link-uk-and-europe-ltd-seo-expert-islamabad-jobs-1741480?utm_source=jobSearch&utm_medium=website&utm_content=jobSearch_1741480&utm_campaign=ROZEE.PK_job_search&utm_term=undefined,Transport link Uk and Europe ltd,//www.rozee.pk/company/transport-link-uk-and-europe-ltd,Islamabad,"PKR. 100,000 - 200,000/Month",22 views,Posted 11 hours ago,Null,"Content Creator, Seo Submission, SEO Engine Ranking",N/A,Search Engine Optimization (SEO),1 Post,First Shift (Day),Full Time/Permanent,Islamabad,No Preference,Masters,Experienced Professional,N/A,"Nov 30, 2025","Oct 29, 2025"
Islamabad,Amazon Account Management Trainee,https://www.rozee.pk/milky-ways-trading-amazon-account-management-trainee-islamabad-karachi-lahore-jobs-1741440?utm_source=jobSearch&utm_medium=website&utm_content=jobSearch_1741440&utm_campaign=ROZEE.PK_job_search&utm_term=undefined,Milky Ways Trading,//www.rozee.pk/company/milky-ways-trading,Multiple Cities,N/A,70 views,Posted 11 hours ago,Null,"Google  Spreadsheets Knowledge, Tech Savvy, Problem Solving Skills, Communication Skills, Fluent in English, Researching, MS Excel",E-Commerce / E- Business,Marketing,1 Post,Third Shift (Night),Full Time/Permanent,"Islamabad, Karachi, Lahore",No Preference,Intermediate/A-Level,Entry Level,Fresh,"Nov 30, 2025","Oct 29, 2025"
Islamabad,Outreach Executive,https://www.rozee.pk/times-tx-gmbh-outreach-executive-islamabad-karachi-lahore-peshawar-quetta-jobs-1741434?utm_source=jobSearch&utm_medium=website&utm_content=jobSearch_1741434&utm_campaign=ROZEE.PK_job_search&utm_term=undefined,Times TX GmbH,//www.rozee.pk/company/times-tx-gmbh,Multiple Cities,N/A,68 views,Posted 11 hours ago,Null,"Sales Operations, Data Analytics, Lead Qualification, Outreach Services, Time Management, Communication Skills",N/A,Sales & Business Development,2 Posts,First Shift (Day),Full Time/Permanent,"Islamabad, Karachi, Lahore, Peshawar, Quetta",No Preference,Bachelors,Entry Level,1 Year,"Nov 30, 2025","Oct 29, 2025"
Islamabad,Sales Executive - Shipping / Freight Forwarding,https://www.rozee.pk/easyways-international-sales-executive-shipping-freight-forwarding-islamabad-faisalabad-lahore-jobs-1741416?utm_source=jobSearch&utm_medium=website&utm_content=jobSearch_1741416&utm_campaign=ROZEE.PK_job_search&utm_term=undefined,Easyways International,//www.rozee.pk/company/easyways-international,Multiple Cities,"PKR. 50,000 - 100,000/Month",149 views,Posted 22 hours ago,Null,"Market Knowledge, Ocean Freight Management, Air Freight  Management",Shipping / Marine,Sales & Business Development,1 Post,First Shift (Day),Full Time/Permanent,"Islamabad, Faisalabad, Lahore",No Preference,Bachelors,Experienced Professional,3 Years,"Nov 28, 2025","Oct 28, 2025"
Islamabad,Accountant,https://www.rozee.pk/int-dublin-tax-company-ltd-accountant-islamabad-jobs-1741408?utm_source=jobSearch&utm_medium=website&utm_content=jobSearch_1741408&utm_campaign=ROZEE.PK_job_search&utm_term=undefined,INT Dublin Tax Company Ltd,//www.rozee.pk/company/int-dublin-tax-company-ltd,Islamabad,N/A,241 views,Posted 22 hours ago,Null,"Accounting+, Sage, Zoho, Sage Accounts, Sage 50, Sage Pro, Quick Books, Business Central",Accounting / Taxation,"Accounts, Finance & Financial Services",5 Posts,First Shift (Day),Full Time/Permanent,Islamabad,No Preference,Non-Matriculation,Experienced Professional,2 Years,"Nov 28, 2025","Oct 28, 2025"
Islamabad,Office Boy,https://www.rozee.pk/work-together-office-boy-islamabad-jobs-1741210?utm_source=jobSearch&utm_medium=website&utm_content=jobSearch_1741210&utm_campaign=ROZEE.PK_job_search&utm_term=undefined,Work Together,//www.rozee.pk/company/work-together,Islamabad,"PKR. 30,000 - 40,000/Month",130 views,Posted 22 hours ago,Null,"Analytical Skills, Running Errands, Office Support",Recruitment / Employment Firms,Distribution & Logistics,1 Post,First Shift (Day),Full Time/Permanent,Islamabad,No Preference,Matriculation/O-Level,Entry Level,Fresh,"Nov 28, 2025","Oct 28, 2025"
Islamabad,Sales Representative,https://www.rozee.pk/penta-motive-sales-representative-islamabad-rawalpindi-jobs-1737388?utm_source=jobSearch&utm_medium=website&utm_content=jobSearch_1737388&utm_campaign=ROZEE.PK_job_search&utm_term=undefined,PENTA MOTIVE,//www.rozee.pk/company/penta-motive,Multiple Cities,"PKR. 35,000 - 125,000/Month",250 views,Posted 5 days ago,Null,"Computer Profcient, Fluent in English, Decision Analysis",Call Center,Sales & Business Development,4 Posts,Third Shift (Night),Full Time/Permanent,"Islamabad, Rawalpindi",No Preference,Matriculation/O-Level,Entry Level,N/A,"Nov 01, 2025","Oct 24, 2025"
Islamabad,Sales & Marketing Manager,https://www.rozee.pk/sales-marketing-manager-islamabad-jobs-1741318?utm_source=jobSearch&utm_medium=website&utm_content=jobSearch_1741318&utm_campaign=ROZEE.PK_job_search&utm_term=undefined,Risala Agro Farms,javascript:;,Islamabad,"PKR. 60,000 - 60,000/Month",40 views,Posted Yesterday,Null,"Sales Management, Team Leadership, Marketing Strategy, Corporate Networking, Client Relations, Digital Marketing, CRM Tools, Microsoft Office, Presentation Skills, Negotiation Skills, Decision Making",N/A,N/A,1 Post,First Shift (Day),"Risa Farm House, a distinguished project under the Risala Group specializing in housing and high-rise developments, is looking for an experienced Sales & Marketing Manager to lead its sales and marketing efforts across various group projects. The ideal candidate will manage the sales team, develop and execute strategic marketing plans, set and monitor sales targets, and ensure the successful implementation of marketing campaigns. This role requires strong leadership, proven sales expertise, and the ability to drive business growth through innovative strategies, corporate networking, and effective team management. Immediate joining is preferred, with a start date targeted for the first week of November 2025.Key ResponsibilitiesTeam Leadership & Sales Management:  Lead and supervise the Sales & Marketing Executives in their daily activities and ensure achievement of sales targets. Assign, track, and evaluate sales goals on a daily, weekly, and monthly basis. Collect and analyze sales reports and performance data to identify opportunities for improvement. Conduct regular training and coaching sessions to enhance team capabilities. Ensure timely follow-up on leads to maintain a high sales conversion rate.Client & Corporate Relations:  Build and maintain strong relationships with high-value and corporate clients. Conduct meetings, deliver presentations, and participate in site visits with potential investors and buyers. Organize and lead client engagement initiatives to boost customer satisfaction and trust. Represent the company at property expos, seminars, and networking events to increase corporate visibility and brand recognition.Marketing & Business Development:  Work closely with the digital media team to develop advertisements, video content, and social media campaigns. Design and implement marketing strategies aimed at increasing brand awareness and generating qualified leads. Monitor market trends and competitor activities to uncover new business opportunities. Plan and execute promotional events, exhibitions, and campaigns to raise project awareness. Coordinate with vendors, media partners, and design teams to ensure smooth and effective campaign delivery.Reporting & Performance Analysis:  Prepare monthly and quarterly performance reports for senior management. Assess the effectiveness of marketing and sales campaigns and recommend strategic adjustments based on sales data and market insights. Collaborate with top management to set revenue goals and align business plans accordingly.Required QualificationsEducation:  Bachelor’s or Master’s degree in Marketing, Business Administration, or a related discipline.Experience:  5 to 8 years of proven experience in Sales & Marketing within horizontal and vertical real estate projects. Demonstrated success in meeting sales targets and managing high-performing teams. Strong leadership, communication, and presentation skills are essential. Proficiency in CRM software, Microsoft Office, and digital marketing coordination is required. Candidates must possess strategic thinking, negotiation skills, and sound decision-making abilities.Preferred Qualifications and BenefitsThe company offers a competitive salary package, including a base salary, attractive incentives, sales commissions, and allowances. Employees benefit from company-provided leads and comprehensive marketing support. There are significant opportunities for career growth within the group’s expanding portfolio of projects. The work environment is professional and dynamic, fostering innovation and development.Job Type: Full-time  Salary Range: Rs60,000 - Rs80,000 per month  Location: G-11 Markaz, Islamabad (In-person)/Skills 
                                            
                                                            
                                                                                                                                                                                                      
                                                                        Sales Management
                                                                    
                                                                                                                                                                                                       
                                                                        Team Leadership
                                                                    
                                                                                                                                                                                                       
                                                                        Marketing Strategy
                                                                    
                                                                                                                                                                                                       
                                                                        Corporate Networking
                                                                    
                                                                                                                                                                                                       
                                                                        Client Relations
                                                                    
                                                                                                                                                                                                       
                                                                        Digital Marketing
                                                                    
                                                                                                                                                                                                       
                                                                        CRM Tools
                                                                    
                                                                                                                                                                                                       
                                                                        Microsoft Office
                                                                    
                                                                                                                                                                                                       
                                                                        Presentation Skills
                                                                    
                                                                                                                                                                                                       
                                                                        Negotiation Skills
                                                                    
                                                                                                                                                                                                       
                                                                        Decision Making/Job Details
                                                                                                        
                                                            
                                                            
                                                                                                                                                                            
                                                            
                                                                
    
                                                                    Total Positions:
                                                                
                                                                
                                                                    1 Post
                                                                
    
                                                            
                                                            
                                                                                                                
                                                                
    
                                                                    Job Shift:
                                                                
                                                                
                                                                    First Shift (Day)
    
                                                                
    
                                                            
                                                            
                                                                                                                    
                                                                
                                                                    Job Type:
                                                                
                                                                 First Shift (Day)
                                                            
                                                            
                                                            
                                                                                                           
                                                            
                                                                
                                                                                                                                         Job Location:
                                                                                                                                    
                                                                
                                                                                                                                            
                                                                                                                                                                                                                                                                                                            Islamabad,
                                                                                                                                                                                                                                                                                            Pakistan
                                                                
                                                            
                                                        
                                                        

            
                                                            
                                                            
                                                                                                                    
                                                                
                                                                    Gender:
                                                                
                                                                
                                                                    No Preference
    
                                                                
                                                            
    
                                                                
                                                                
                                                                                                                        
                                                                                                                                                                                    
                                                                    
                                                                        Age:
                                                                    
                                                                    
                                                                        18 - 65 Years
                                                                    
                                                                
                                                                                                                        
                                                                                                                    
                                                                
    
                                                                    Minimum Education:
                                                                
                                                                
                                                                    Bachelors
                                                                
    
                                                            
                                                                                                                                                                                                                                    
                                                                
    
                                                                    Career Level:
                                                                
                                                                
                                                                    Mid-Level
                                                                
    
                                                            
                                                                                                                
                                                                                                                                                                                    
                                                                    
                                                                        Experience:
                                                                    
                                                                    
                                                                        3 Years - 5 Years 
                                                                    
                                                                
                                                                                                                    
                                                                                                            
                                                        
    
    
                                                                                                                                                                            
                                                            
                                                            
                                                            
                                                            
                                                            
                                                                
    
                                                                    Apply Before:
                                                                
                                                                
                                                                    Nov 28, 2025
                                                                
    
                                                            
                                                            
                                                            
                                                            
                                                                
    
                                                                    Posting Date:
                                                                
                                                                
                                                                    Oct 28, 2025/First Shift (Day)/Islamabad/Pakistan",Islamabad,No Preference,Bachelors,Mid-Level,N/A,"Nov 28, 2025","Oct 28, 2025"
Islamabad,PHP Programmer,https://www.rozee.pk/medialinkers-pvt-ltd-php-programmer-islamabadrawalpindi-jobs-1740160?utm_source=jobSearch&utm_medium=website&utm_content=jobSearch_1740160&utm_campaign=ROZEE.PK_job_search&utm_term=undefined,MediaLinkers Pvt. Ltd,//www.rozee.pk/company/medialinkers-pvt-ltd,Multiple Cities,N/A,121 views,Posted Yesterday,Null,"PHP, Laravel Framework, Code Ignitor, PHP and Laravel, Native PHP",Information Technology,Software & Web Development,5 Posts,First Shift (Day),Full Time/Permanent,"Islamabad, Rawalpindi",No Preference,Bachelors,Experienced Professional,2 Years,"Nov 28, 2025","Oct 28, 2025"
Islamabad,Business Development Executive,https://www.rozee.pk/business-development-executive-islamabad-jobs-1741252?utm_source=jobSearch&utm_medium=website&utm_content=jobSearch_1741252&utm_campaign=ROZEE.PK_job_search&utm_term=undefined,Centrox AI,javascript:;,Islamabad,N/A,21 views,Posted Yesterday,Null,"Lead Generation, Sales via Upwork or similar platforms, Understanding of IT and AI services, Communication Skills, Proposal Writing, Analytical Skills, Negotiation Skills, CRM systems (HubSpot preferred), Project Management Tools (Trello), Online communication platforms (Slack), Knowledge of Upwork algorithms and bidding, LinkedIn Lead Generation, Email Outreach Campaigns, Problem-Solving, Self-Motivation, Collaboration",N/A,N/A,1 Post,First Shift (Day),First Shift (Day),Islamabad,No Preference,Bachelors,Entry Level,N/A,"Nov 28, 2025","Oct 28, 2025"
Islamabad,Senior WordPress Developer,https://www.rozee.pk/ninja-softs-pvt-limited-senior-wordpress-developer-kharianislamabadgujranwalagujratlahorerawalpindilalamusawah-cantt-jobs-1736112?utm_source=jobSearch&utm_medium=website&utm_content=jobSearch_1736112&utm_campaign=ROZEE.PK_job_search&utm_term=undefined,Ninja Softs (PVT) Limited,//www.rozee.pk/company/ninja-softs-pvt-limited,Multiple Cities,N/A,688 views,Posted 6 days ago,Null,"HTML5, CSS3, WP, WooCommerce, MySQL, Jquery",Information Technology,Software & Web Development,1 Post,First Shift (Day),Full Time/Permanent,"Islamabad, Gujranwala, Lahore, Rawalpindi, Gujrat, Kharian, Wah Cantt, Lalamusa",No Preference,Bachelors,Experienced Professional,N/A,"Nov 08, 2025","Oct 23, 2025"
Islamabad,Customer Relations Officer (CRO),https://www.rozee.pk/customer-relations-officer-cro-islamabad-jobs-1741796?utm_source=jobSearch&utm_medium=website&utm_content=jobSearch_1741796&utm_campaign=ROZEE.PK_job_search&utm_term=undefined,Abacus Outsourcing,javascript:;,Islamabad,"PKR. 37,000 - 37,000/Month",67 views,Posted 8 hours ago,Null,"Customer Service, Inbound Call Handling, Verbal Communication in English or Urdu, Familiarity with Hootsuite, Familiarity with Buffer, Team Collaboration, Customer Relations, BPO experience (advantageous)",N/A,N/A,1 Post,First Shift (Day),First Shift (Day),Islamabad,No Preference,Bachelors,Entry Level,N/A,"Nov 29, 2025","Oct 29, 2025"
Islamabad,Scrum Master,https://www.rozee.pk/scrum-master-islamabad-jobs-1741782?utm_source=jobSearch&utm_medium=website&utm_content=jobSearch_1741782&utm_campaign=ROZEE.PK_job_search&utm_term=undefined,Kemat consulting,javascript:;,Islamabad,"PKR. 300,000 - 300,000/Month",41 views,Posted 8 hours ago,Null,"Agile Software Development, Scrum facilitation, Sprint Planning, Daily Stand-ups, Sprint Review, Sprint Retrospective, Backlog Refinement, Coaching and Mentoring, Agile Mindset, Removing impediments, Stakeholder Management, JIRA, Confluence, Communication, Conflict Management",N/A,N/A,1 Post,First Shift (Day),First Shift (Day),Islamabad,No Preference,Bachelors,Entry Level,N/A,"Nov 29, 2025","Oct 29, 2025"
Islamabad,Executive Channel Planning,https://www.rozee.pk/executive-channel-planning-islamabad-jobs-1741768?utm_source=jobSearch&utm_medium=website&utm_content=jobSearch_1741768&utm_campaign=ROZEE.PK_job_search&utm_term=undefined,Zong,javascript:;,Islamabad,N/A,37 views,Posted 8 hours ago,Null,"Communnication Skills, Interpersonal Skills, Problem Solving Skills, Analytical Skills, Strong Business Knowledge, Strong grip on excel and PPTs, Excellent Problem Solving Skills",N/A,N/A,1 Post,First Shift (Day),First Shift (Day),Islamabad,No Preference,Bachelors,Executive,N/A,"Nov 29, 2025","Oct 29, 2025"
Islamabad,Assistant Manager Sales Operations,https://www.rozee.pk/assistant-manager-sales-operations-islamabad-jobs-1741766?utm_source=jobSearch&utm_medium=website&utm_content=jobSearch_1741766&utm_campaign=ROZEE.PK_job_search&utm_term=undefined,Zong,javascript:;,Islamabad,N/A,47 views,Posted 8 hours ago,Null,"Strong Analytical Skills, Takes <br />
  Ownership, Strong <br />
  Follow up Skills, Team <br />
  Management, Effective <br />
  problem Solving Skills, Interpersonal <br />
  & Communication Skills  Self, Time <br />
  & Stress Management, Detailed <br />
  Understanding of Telecommunication, Well <br />
  versed with sales operation, Expertise <br />
  and domain level knowledge in process",N/A,N/A,1 Post,First Shift (Day),First Shift (Day),Islamabad,No Preference,Bachelors,Mid-Level,N/A,"Nov 29, 2025","Oct 29, 2025"
Islamabad,Executive Cost Analysis,https://www.rozee.pk/executive-cost-analysis-islamabad-jobs-1741764?utm_source=jobSearch&utm_medium=website&utm_content=jobSearch_1741764&utm_campaign=ROZEE.PK_job_search&utm_term=undefined,Zong,javascript:;,Islamabad,N/A,27 views,Posted 8 hours ago,Null,"Experience of understanding user, Strong organization & project <br />
      management, Ability to handle high pressure <br />
      situations, Problem solving and Interpersonal <br />
      skills, Excellent teamwork skills and <br />
      desire to help, Must be highly proficient in <br />
      operating MS, PowerPoint, Word, Etc.)., Proficient in preparation of <br />
      reports, dashboards and documentation., Technical understanding of Network, Strong data and analytical skills",N/A,N/A,1 Post,First Shift (Day),First Shift (Day),Islamabad,No Preference,Bachelors,Executive,N/A,"Nov 29, 2025","Oct 29, 2025"
Islamabad,Executive International Business,https://www.rozee.pk/executive-international-business-islamabad-jobs-1741762?utm_source=jobSearch&utm_medium=website&utm_content=jobSearch_1741762&utm_campaign=ROZEE.PK_job_search&utm_term=undefined,Zong,javascript:;,Islamabad,N/A,12 views,Posted 8 hours ago,Null,"Goal oriented with focus on deliverable, Able to manage multiple leads at a time., Time Management, self-driven attitude, Ability To Work Independently, Proficiency in IR network flows and anticipation, Understanding of network and charging problems, product configuration, Development, and system configuration.",N/A,N/A,1 Post,First Shift (Day),First Shift (Day),Islamabad,No Preference,Bachelors,Executive,N/A,"Nov 29, 2025","Oct 29, 2025"
Islamabad,Senior Executive Cloud Solutions,https://www.rozee.pk/senior-executive-cloud-solutions-islamabad-jobs-1741760?utm_source=jobSearch&utm_medium=website&utm_content=jobSearch_1741760&utm_campaign=ROZEE.PK_job_search&utm_term=undefined,Zong,javascript:;,Islamabad,N/A,10 views,Posted 8 hours ago,Null,"and disaster recovery services., cloud platform UAT is plus., Databases, Security Services, and other SaaS-based solutions, Storage, Networking, Security, containers services, managed databases, And Other Related Services, Computing, Cloud Native technologies, Containers, Dockers, Kubernetes, Database management (SQL, MySQL, Oracle and etc.) disaster recovery services, and other related cloud services, PAAS, Effective Training and Development Capabilities, Strategic Thinking and Decision-Making Skills, Analytical and problem-solving abilities, Project Management And Coordination Skills, Proficiency in Research & Market Analysis, Example: AWS/Azure, Huawei, SAP, SaaS, المحاسبة للشركات, Google Cloud, Salesforce etc., Excellent Communication, Presentation, and negotiation skills., PaaS and SaaS services, Experience in defining cloud platform branding, Marketing Strategies",N/A,N/A,1 Post,First Shift (Day),First Shift (Day),Islamabad,No Preference,Bachelors,Mid-Level,N/A,"Nov 29, 2025","Oct 29, 2025"
Islamabad,Field Sales Executive,https://www.rozee.pk/smsami-field-sales-executive-islamabad-jobs-1741754?utm_source=jobSearch&utm_medium=website&utm_content=jobSearch_1741754&utm_campaign=ROZEE.PK_job_search&utm_term=undefined,SMSAMI,//www.rozee.pk/company/smsami,Islamabad,"PKR. 40,000 - 80,000/Month",57 views,Posted 8 hours ago,Null,"Presentation Skills, Communication Skills, B2B Business Development, SaaS Software Command",Information Technology,Sales & Business Development,4 Posts,First Shift (Day),Full Time/Permanent,Islamabad,No Preference,Bachelors,Entry Level,Fresh,"Nov 29, 2025","Oct 29, 2025"
Karachi,Backend Developer Intern,https://www.rozee.pk/backend-developer-intern-karachi-jobs-1741810?utm_source=jobSearch&utm_medium=website&utm_content=jobSearch_1741810&utm_campaign=ROZEE.PK_job_search&utm_term=undefined,Quanrio LLP,javascript:;,Karachi,"PKR. 15,000 - 15,000/Month",48 views,Posted 8 hours ago,Null,"Backend development concepts, Node.js, Express.js, API Integration, Mongodb, MySQL, Git, Debugging Tools, Problem-Solving",N/A,N/A,1 Post,First Shift (Day),Internship,Karachi,No Preference,Bachelors,Entry Level,N/A,"Nov 29, 2025","Oct 29, 2025"
Karachi,Assistant Accountant,https://www.rozee.pk/assistant-accountant-karachi-jobs-1741804?utm_source=jobSearch&utm_medium=website&utm_content=jobSearch_1741804&utm_campaign=ROZEE.PK_job_search&utm_term=undefined,Abbas brothers,javascript:;,Karachi,"PKR. 50,000 - 50,000/Month",82 views,Posted 8 hours ago,Null,"Bookkeeping, Invoicing, Accounts Receivable, Accounts Payable, Inventory Management, Billing, QuickBooks (advantage)",N/A,N/A,1 Post,First Shift (Day),First Shift (Day),Karachi,Male,Bachelors,Entry Level,N/A,"Nov 29, 2025","Oct 29, 2025"
Karachi,Graphic Designer / Social Media Manager,https://www.rozee.pk/livebazar-graphic-designer-social-media-manager-karachi-jobs-1737150?utm_source=jobSearch&utm_medium=website&utm_content=jobSearch_1737150&utm_campaign=ROZEE.PK_job_search&utm_term=undefined,LiveBazar,//www.rozee.pk/company/livebazar,Karachi,"PKR. 30,000 - 60,000/Month",25 views,Posted 8 hours ago,Null,"Digital Marketing, Social Media Management, Video Editing, Graphic Designing",N/A,Marketing,1 Post,First Shift (Day),Full Time/Permanent,Karachi,No Preference,Intermediate/A-Level,Entry Level,1 Year,"Nov 24, 2025","Oct 29, 2025"
Karachi,Co Teachers (Pre Primary),https://www.rozee.pk/co-teachers-pre-primary-karachi-jobs-1741788?utm_source=jobSearch&utm_medium=website&utm_content=jobSearch_1741788&utm_campaign=ROZEE.PK_job_search&utm_term=undefined,Happy Palace Grammar School,javascript:;,Karachi,N/A,48 views,Posted 8 hours ago,Null,"Assist in lesson planning, Classroom Management, Child supervision, Maintaining hygiene, Supporting child care routines, Communication Skills, Teamwork, Early Childhood Education (ECE) or Montessori",N/A,N/A,1 Post,First Shift (Day),First Shift (Day),Karachi,No Preference,Diploma,Entry Level,N/A,"Nov 29, 2025","Oct 29, 2025"
Karachi,Call Centre Agent - Domestic campaign,https://www.rozee.pk/call-centre-agent-domestic-campaign-karachi-jobs-1741786?utm_source=jobSearch&utm_medium=website&utm_content=jobSearch_1741786&utm_campaign=ROZEE.PK_job_search&utm_term=undefined,Octopus Digital Network,javascript:;,Karachi,"PKR. 30,000 - 30,000/Month",39 views,Posted 8 hours ago,Null,"Strong Communication Skills, Customer Service, handling customer inquiries, Complaint Resolution, Problem-Solving, Coordination With Departments, Following Instructions, multi-tasking",N/A,N/A,1 Post,First Shift (Day),First Shift (Day),Karachi,No Preference,Bachelors,Entry Level,N/A,"Nov 29, 2025","Oct 29, 2025"
Karachi,Manager Material Planning & Local Purchase,https://www.rozee.pk/manager-material-planning-local-purchase-karachi-jobs-1741776?utm_source=jobSearch&utm_medium=website&utm_content=jobSearch_1741776&utm_campaign=ROZEE.PK_job_search&utm_term=undefined,Solution Consulting,javascript:;,Karachi,"PKR. 200,000 - 200,000/Month",25 views,Posted 8 hours ago,Null,"Material Planning, Local Procurement, Vendor Negotiation, Inventory Management, Data Analysis, Organizational Skills, Communication Skills, Quality Control, Cost Efficiency, Inventory Management Software, Procurement Tools",N/A,N/A,1 Post,First Shift (Day),First Shift (Day),Karachi,No Preference,Bachelors,Entry Level,N/A,"Nov 29, 2025","Oct 29, 2025"
Karachi,Inventory Store Officer,https://www.rozee.pk/inventory-store-officer-karachi-jobs-1741772?utm_source=jobSearch&utm_medium=website&utm_content=jobSearch_1741772&utm_campaign=ROZEE.PK_job_search&utm_term=undefined,AA Joyland Pvt,javascript:;,Karachi,"PKR. 90,000 - 90,000/Month",84 views,Posted 8 hours ago,Null,"Stock Management, Warehouse Operations, Inventory Control, Accurate record-keeping, MS Excel, Inventory Management Software, ERP Systems, Organizational Skills, Attention to Detail, Data Entry, Communication, Coordination",N/A,N/A,1 Post,First Shift (Day),First Shift (Day),Karachi,No Preference,Diploma,Entry Level,N/A,"Nov 29, 2025","Oct 29, 2025"
Karachi,Data Entry Operator,https://www.rozee.pk/data-entry-operator-karachi-jobs-1741746?utm_source=jobSearch&utm_medium=website&utm_content=jobSearch_1741746&utm_campaign=ROZEE.PK_job_search&utm_term=undefined,Go Dekho,javascript:;,Karachi,"PKR. 20,000 - 20,000/Month",94 views,Posted 8 hours ago,Null,"Typing Skills, Attention to Detail, Data Entry, MS Office (Word, Excel), Data Management, Confidentiality, Organizational Skills",N/A,N/A,1 Post,First Shift (Day),First Shift (Day),Karachi,No Preference,Bachelors,Entry Level,N/A,"Nov 29, 2025","Oct 29, 2025"
Karachi,Safety Marshal,https://www.rozee.pk/safety-marshal-karachi-jobs-1741740?utm_source=jobSearch&utm_medium=website&utm_content=jobSearch_1741740&utm_campaign=ROZEE.PK_job_search&utm_term=undefined,HRSG Outsourcing PvtLtd,javascript:;,Karachi,"PKR. 50,000 - 50,000/Month",24 views,Posted 8 hours ago,Null,"Workplace health and safety regulations, Safety Inspections and Audits, Hazard Identification, Safety Training and Communication, Incident Investigation, Record Keeping and Documentation, Use and maintenance of safety equipment, Organizational Skills, Excellent Communication",N/A,N/A,1 Post,First Shift (Day),Contract,Karachi,No Preference,Bachelors,Entry Level,N/A,"Nov 29, 2025","Oct 29, 2025"
Karachi,Front End Developer Intern,https://www.rozee.pk/front-end-developer-intern-karachi-jobs-1741734?utm_source=jobSearch&utm_medium=website&utm_content=jobSearch_1741734&utm_campaign=ROZEE.PK_job_search&utm_term=undefined,Quanrio LLP,javascript:;,Karachi,"PKR. 15,000 - 15,000/Month",29 views,Posted 8 hours ago,Null,"REACT.JS, JavaScript, HTML, CSS, Responsive Design, Git, Rest APIs",N/A,N/A,1 Post,First Shift (Day),Internship,Karachi,No Preference,Bachelors,Entry Level,N/A,"Nov 29, 2025","Oct 29, 2025"
Karachi,Sales / Fundraise Executive,https://www.rozee.pk/together-sales-fundraise-executive-karachi-lahore-jobs-1741706?utm_source=jobSearch&utm_medium=website&utm_content=jobSearch_1741706&utm_campaign=ROZEE.PK_job_search&utm_term=undefined,Together.,//www.rozee.pk/company/together12,Multiple Cities,"PKR. 35,000 - 45,000/Month",35 views,Posted 8 hours ago,Null,"Communication Skills, Resource Development, Fundraising, Presentation Skills, Sales Management, Sales Automation",Business Development,Sales & Business Development,5 Posts,First Shift (Day),Full Time/Permanent,"Karachi, Lahore",No Preference,Bachelors,Entry Level,1 Year,"Nov 29, 2025","Oct 29, 2025"
Karachi,Sales / Marketing Executive,https://www.rozee.pk/imc-certification-sales-marketing-executive-karachi-jobs-1741700?utm_source=jobSearch&utm_medium=website&utm_content=jobSearch_1741700&utm_campaign=ROZEE.PK_job_search&utm_term=undefined,IMC Certification,//www.rozee.pk/company/imc-certification,Karachi,"PKR. 50,000 - 70,000/Month",31 views,Posted 8 hours ago,Null,"Marketing Management, Retail Products Knowldge, Marketing Activation, Tender Preparation, Telemarketing  Skills, Product Distribution Skills, Sales Management, Executive Presentation Skills, Presentation Skills, Event Marketing Strategies",Services,Marketing,3 Posts,First Shift (Day),Full Time/Permanent,Karachi,Female,Bachelors,Entry Level,N/A,"Nov 29, 2025","Oct 29, 2025"
Karachi,Assistant Manager / Manager Fund Accounting,https://www.rozee.pk/al-meezan-investment-management-limited-assistant-manager-manager-fund-accounting-jobs-1741702?utm_source=jobSearch&utm_medium=website&utm_content=jobSearch_1741702&utm_campaign=ROZEE.PK_job_search&utm_term=undefined,Al Meezan Investment Management Limited,//www.rozee.pk/company/al-meezan-investment-management-ltd1,Karachi,N/A,127 views,Posted 8 hours ago,Null,"Mutual & Pension Funds, SMAs, and NAV computation, Proficient in financial reporting and IFRS, Proficiency in MS Excel & accounting software, Strong Analytical, and communication skills",N/A,N/A,1 Post,N/A,Full Time/Permanent,Karachi,No Preference,N/A,N/A,3 Years,"Nov 30, 2025","Oct 29, 2025"
Karachi,MDM Processor,https://www.rozee.pk/mdm-processor-karachi-jobs-1741688?utm_source=jobSearch&utm_medium=website&utm_content=jobSearch_1741688&utm_campaign=ROZEE.PK_job_search&utm_term=undefined,GSK,javascript:;,Karachi,N/A,10 views,Posted 9 hours ago,Null,"Vendor master data management, SAP, Concur, Microsoft Office (Excel, Word, PowerPoint), ServiceNow (SNOW), Compliance with SOX and internal controls, Process Improvement and Automation, Stakeholder Engagement, Audit Support, Fixed Assets Management",N/A,N/A,1 Post,First Shift (Day),First Shift (Day),Karachi,No Preference,Bachelors,Entry Level,N/A,"Nov 29, 2025","Oct 29, 2025"
Karachi,IT Infrastructure Engineer,https://www.rozee.pk/it-infrastructure-engineer-karachi-jobs-1741686?utm_source=jobSearch&utm_medium=website&utm_content=jobSearch_1741686&utm_campaign=ROZEE.PK_job_search&utm_term=undefined,Careem,javascript:;,Karachi,N/A,10 views,Posted 9 hours ago,Null,"AWS, VoIP telephony systems, Voice Infrastructure, IT security tools, Information Governance, Application programming, Database Design, System Design, Problem-Solving, Network+, CCNA, CCNP, MCSE, MCITP, LINUX, Azure, Security+, ITIL, Mobile Device Management (MDM), Active Directory, SSO, Zscaler, JumpCloud, Sonus voice gateways, Genesis call center on-premises solutions, Cisco Meraki platform, Orange MPLS, Network Troubleshooting, voice and data networks, MPLS, DPLC, Wireless networks, multisite mesh networks, Network Monitoring, Network Design and Implementation, routers, Switches, SASE gateways, Firewalls, WAN accelerators, IT infrastructure services, Infrastructure Project Management, Datacenter Management, Unified communications suites, LAN/WAN/Wireless networks, Virtualization, TCP/IP protocol stack, Routing, Switching, VPN Technologies, System Monitoring, VMWare ESX, VCenter",N/A,N/A,1 Post,First Shift (Day),First Shift (Day),Karachi,No Preference,Bachelors,Entry Level,N/A,"Nov 29, 2025","Oct 29, 2025"
Karachi,Senior Manager – Assurance IFRS Accounting Services,https://www.rozee.pk/senior-manager-%e2%80%93-assurance-ifrs-accounting-services-karachi-jobs-1741668?utm_source=jobSearch&utm_medium=website&utm_content=jobSearch_1741668&utm_campaign=ROZEE.PK_job_search&utm_term=undefined,PwC,javascript:;,Karachi,N/A,14 views,Posted 9 hours ago,Null,"Accounting and financial reporting standards and, Communication, Client Management, Coaching, Analytical Thinking, Data Analysis, Interpretation, and visualization, Auditing methodologies, Compliance Auditing, Regulatory Requirements, Familiarity with Artificial Intelligence (AI)",N/A,N/A,1 Post,First Shift (Day),First Shift (Day),Karachi,No Preference,N/A,Manager,N/A,"Nov 29, 2025","Oct 29, 2025"
Karachi,Territory Manager,https://www.rozee.pk/territory-manager-karachi-jobs-1741666?utm_source=jobSearch&utm_medium=website&utm_content=jobSearch_1741666&utm_campaign=ROZEE.PK_job_search&utm_term=undefined,Abbott Laboratories,javascript:;,Karachi,N/A,17 views,Posted 9 hours ago,Null,"Sales Achievement, Customer Relationship Management, Market intelligence gathering, Product Promotion, Sales force automation (sfa), Communication Skills, Teamwork, Basic Computer Proficiency, Selling Aptitude, Physical fitness, Flexibility and Adaptability",N/A,N/A,1 Post,First Shift (Day),First Shift (Day),Karachi,No Preference,Bachelors,Entry Level,N/A,"Nov 29, 2025","Oct 29, 2025"
Karachi,Financial Analyst - BIP,https://www.rozee.pk/financial-analyst-bip-karachi-jobs-1741660?utm_source=jobSearch&utm_medium=website&utm_content=jobSearch_1741660&utm_campaign=ROZEE.PK_job_search&utm_term=undefined,GSK,javascript:;,Karachi,N/A,12 views,Posted 9 hours ago,Null,"Financial Reporting, General ledger closing, Balance Sheet Reconciliations, SAP FICO, Banking Operations, Cash Flow Management, Payroll Processing, Insurance Coordination, Data Accuracy, Attention to Detail, Verbal and Written Communication, Problem-Solving, Compliance and control management, Team Leadership",N/A,N/A,1 Post,First Shift (Day),First Shift (Day),Karachi,No Preference,Bachelors,Entry Level,N/A,"Nov 29, 2025","Oct 29, 2025"
Karachi,"Specialist, Service Delivery (Messaging)",https://www.rozee.pk/specialist-service-delivery-messaging-karachi-jobs-1741638?utm_source=jobSearch&utm_medium=website&utm_content=jobSearch_1741638&utm_campaign=ROZEE.PK_job_search&utm_term=undefined,Aga Khan University,javascript:;,Karachi,N/A,20 views,Posted 9 hours ago,Null,"IT infrastructure and systems, MCSA or MCSE Messaging certifications (preferred), Project Management, Team Collaboration, Communication Skills, Organizational Skills, Interpersonal Skills, Analytical Skills, Technical and managerial skills, Microsoft Windows, red hat linux, Centos, Office 365, MS EXCHANGE 2013, MS Exchange 2010, Active Directory, failover clusters",N/A,N/A,1 Post,First Shift (Day),First Shift (Day),Karachi,No Preference,Bachelors,Mid-Level,N/A,"Nov 29, 2025","Oct 29, 2025"
Karachi,Process Analyst OAC,https://www.rozee.pk/process-analyst-oac-karachi-jobs-1741636?utm_source=jobSearch&utm_medium=website&utm_content=jobSearch_1741636&utm_campaign=ROZEE.PK_job_search&utm_term=undefined,NielsenIQ,javascript:;,Karachi,N/A,7 views,Posted 9 hours ago,Null,"Data Coding, Data Matching, Quality Control, Data Validation, Analytical Skills, Problem-Solving, Stakeholder Communication, Root Cause Analysis, Process Improvement, market insights research, Product categorization",N/A,N/A,1 Post,First Shift (Day),First Shift (Day),Karachi,No Preference,Bachelors,Entry Level,N/A,"Nov 29, 2025","Oct 29, 2025"
Karachi,IT Support / Network Troubleshooter,https://www.rozee.pk/pakistan-fumigation-corporation-it-support-network-troubleshooter-karachi-jobs-1732596?utm_source=jobSearch&utm_medium=website&utm_content=jobSearch_1732596&utm_campaign=ROZEE.PK_job_search&utm_term=undefined,Null,//www.rozee.pk/company/pakistan-fumigation-corporation,"Pakistan Fumigation Corporation 
                                                    
                                                                    
                                                                                                            PKR 25",N/A,Null,Null,Null,Null,N/A,N/A,N/A,N/A,N/A,N/A,N/A,N/A,N/A,N/A,"Nov 21, 2025","Oct 23, 2025"
Karachi,Junior Software Engineer (Java),https://www.rozee.pk/junior-software-engineer-java-karachi-jobs-1741634?utm_source=jobSearch&utm_medium=website&utm_content=jobSearch_1741634&utm_campaign=ROZEE.PK_job_search&utm_term=undefined,NielsenIQ,javascript:;,Karachi,N/A,11 views,Posted 9 hours ago,Null,"Object-oriented principles, SonarQube, GraphQL, AWS, DynamoDB, Redis, Neo4J, MySQL, React, Angular, Kubernetes, Kafka, Distributed Microservices, Spring Framework, Test-Driven Development, Functional Programming, Java, Design Patterns, Node.js, TypeScript, Web Technologies, Mongodb, Elasticsearch, NoSQL Databases, Git, Continuous Delivery, Continuous Integration, DOCKER, Automated Testing, Linting Tools, Static Code Analysis",N/A,N/A,1 Post,First Shift (Day),First Shift (Day),Karachi,No Preference,Bachelors,Entry Level,N/A,"Nov 29, 2025","Oct 29, 2025"
Karachi,Talent Acquisition Partner - (6 month contract),https://www.rozee.pk/talent-acquisition-partner-6-month-contract-karachi-jobs-1741620?utm_source=jobSearch&utm_medium=website&utm_content=jobSearch_1741620&utm_campaign=ROZEE.PK_job_search&utm_term=undefined,Careem,javascript:;,Karachi,N/A,10 views,Posted 9 hours ago,Null,"Stakeholder Management, Mobile Engineering, Screening, Data Analytics Recruitment, Data Analytics, AI talent acquisition, Offer Management, Scheduling, Data Science Recruitment, LinkedIn Recruiter, Applicant Tracking Systems (Greenhouse), Greenhouse, Full-Cycle Recruitment, Backend Engineering, Technical Recruiting, Engineering Recruitment, Sourcing, AI, Data Science, Problem Solving, Applicant Tracking Systems, Talent Acquisition",N/A,N/A,1 Post,First Shift (Day),Contract,Karachi,No Preference,N/A,Manager,N/A,"Nov 29, 2025","Oct 29, 2025"
Karachi,Social Media Content Manager,https://www.rozee.pk/social-media-content-manager-karachi-jobs-1741612?utm_source=jobSearch&utm_medium=website&utm_content=jobSearch_1741612&utm_campaign=ROZEE.PK_job_search&utm_term=undefined,Careem,javascript:;,Karachi,N/A,7 views,Posted 9 hours ago,Null,"Social Media Strategy, Social Media Management, Social media strategy development and management, Content Production Process, Social Media Content Creation, Social Media Analytics, Content Creation, Adobe Premiere Pro, Capcut, Content Production, Creative mindset and communication skills, Social Media Platforms, Video Editing, Trend analysis and reporting, Cross-functional Collaboration, CapCut), Adobe After Effects, Video editing (Adobe Premiere Pro",N/A,N/A,1 Post,First Shift (Day),First Shift (Day),Karachi,No Preference,N/A,Mid-Level,N/A,"Nov 29, 2025","Oct 29, 2025"
Karachi,Senior Software Engineering Manager,https://www.rozee.pk/senior-software-engineering-manager-karachi-jobs-1741610?utm_source=jobSearch&utm_medium=website&utm_content=jobSearch_1741610&utm_campaign=ROZEE.PK_job_search&utm_term=undefined,Careem,javascript:;,Karachi,N/A,11 views,Posted 9 hours ago,Null,"Mentoring and leadership, Clean Code, .NET, Data Analysis, Quality Assurance, Scalable distributed systems, microservices-based architecture, Data Structures, Solid Design Principles, Software Design, Software Development, Java, Mobile Development, Algorithms, Infrastructure, Test-Driven Development, Frontend Development, GO, Object-oriented programming, MLOPS, Microservices Architecture, Backend Development, Clean Code principles, Python, Web Development, Engineering process improvement, Artificial Intelligence, Cyber Security, scalable system architecture",N/A,N/A,1 Post,First Shift (Day),First Shift (Day),Karachi,No Preference,Bachelors,Manager,N/A,"Nov 29, 2025","Oct 29, 2025"
Karachi,Senior Software Engineer I - Backend,https://www.rozee.pk/senior-software-engineer-i-backend-karachi-jobs-1741604?utm_source=jobSearch&utm_medium=website&utm_content=jobSearch_1741604&utm_campaign=ROZEE.PK_job_search&utm_term=undefined,Careem,javascript:;,Karachi,N/A,12 views,Posted 9 hours ago,Null,"Object-Oriented Design, Kotlin, source control management, Code Reviews, Data Structures, Build processes, Golang, C++, Testing, Java, Algorithms, DOCKER, Operational Excellence, C, #Object-oriented programming, Relational Databases, Microsoft Azure, software engineering best practices, Kubernetes, AWS, Google Cloud Platform, non-relational databases, Java Spring",N/A,N/A,1 Post,First Shift (Day),First Shift (Day),Karachi,No Preference,Master,Manager,N/A,"Nov 29, 2025","Oct 29, 2025"
Karachi,Senior People Business Partner,https://www.rozee.pk/senior-people-business-partner-karachi-jobs-1741594?utm_source=jobSearch&utm_medium=website&utm_content=jobSearch_1741594&utm_campaign=ROZEE.PK_job_search&utm_term=undefined,Careem,javascript:;,Karachi,N/A,4 views,Posted 9 hours ago,Null,"Analytical Skills, talent planning, Organizational Design, AI application and automation, HR Practices, Stakeholder Management, Data-driven Decision Making, Knowledge Of Local Labor Laws, Problem-Solving, Business Partnering, Talent Acquisition, Leadership Development, HR Experience, Compensation, Learning and Development, Performance Management, Change Management, Coaching Leaders",N/A,N/A,1 Post,First Shift (Day),First Shift (Day),Karachi,No Preference,N/A,Manager,N/A,"Nov 29, 2025","Oct 29, 2025"
Karachi,Product Ops Specialist,https://www.rozee.pk/product-ops-specialist-karachi-jobs-1741588?utm_source=jobSearch&utm_medium=website&utm_content=jobSearch_1741588&utm_campaign=ROZEE.PK_job_search&utm_term=undefined,Careem,javascript:;,Karachi,N/A,2 views,Posted 9 hours ago,Null,"Analytics, Data Analysis, Merchandising Tools, Use of merchandising tools, Analytical skills to interpret data, Continuous learning mindset, Project Management Skills, High Attention To Detail, Customer-centric mindset, Strong Communication Skills, Proactive problem-solving, Basic coding proficiency, Product Management, Content configuration and troubleshooting, Basic Coding, e-commerce or retail experience, AI, Collaboration With Cross-functional Teams, Knowledge of quality assurance processes, Quality Assurance, Merchandising and product operations, Performance tracking and analytics",N/A,N/A,1 Post,First Shift (Day),First Shift (Day),Karachi,No Preference,N/A,Mid-Level,N/A,"Nov 29, 2025","Oct 29, 2025"
Karachi,IT Infrastructure Engineer,https://www.rozee.pk/it-infrastructure-engineer-karachi-jobs-1741586?utm_source=jobSearch&utm_medium=website&utm_content=jobSearch_1741586&utm_campaign=ROZEE.PK_job_search&utm_term=undefined,Careem,javascript:;,Karachi,N/A,6 views,Posted 9 hours ago,Null,"Network+, VPN Technologies, Wireless networks, multisite mesh networks, System Design, AI, WAN accelerators, SASE networks, TCP/IP, Active Directory, LAN, MPLS), Routing, Network Protocols (TCP/IP, VCenter, Switches, MCITP, SSO, vCenter), Virtualization platforms, MPLS, MCSE, Network Protocols, Orange MPLS, Genesis call center on-prem solutions, LAN/WAN, IT infrastructure services, Network Equipment, Virtualization (VMware ESX, VPNs, VMWare ESX, IT security tools, network solutions design, CCNA, ITIL, Database Design, voice networks, System monitoring and management, DPLC, Network Monitoring, Application programming basics, Jump Cloud, SASE gateways, Change Management, Virtualization, WAN, Information Governance, routers, Root Cause Analysis, AWS, Network Security Tools, Problem-Solving, Database and system design, Network security technologies, Firewalls, LINUX, Datacenter Management, Incident Management, Security+, Next-generation firewalls, Zscaler, Mobile Device Management (MDM), Sonus voice gateways, VoIP telephony systems, Cisco Meraki platform, Switching, Data Networks, unified communication suites, CCNP, aggregators, Azure, Application programming, network layers 1-7",N/A,N/A,1 Post,First Shift (Day),First Shift (Day),Karachi,No Preference,N/A,Mid-Level,N/A,"Nov 29, 2025","Oct 29, 2025"
Karachi,Home Tutor,https://www.rozee.pk/get-tutor-pk-home-tutor-karachi-jobs-1741538?utm_source=jobSearch&utm_medium=website&utm_content=jobSearch_1741538&utm_campaign=ROZEE.PK_job_search&utm_term=undefined,Get Tutor Pk,//www.rozee.pk/company/get-tutor-pk,Karachi,N/A,35 views,Posted 9 hours ago,Null,"Academic Tutoring, Concept Based Teaching, Assistant Teaching",Education/Training,"Teachers/Education, Training & Development",1 Post,Hybrid Work Model,Part Time,Karachi,No Preference,Bachelors,Entry Level,N/A,"Nov 29, 2025","Oct 29, 2025"
Karachi,Captain Marketing Lead,https://www.rozee.pk/captain-marketing-lead-karachi-jobs-1741576?utm_source=jobSearch&utm_medium=website&utm_content=jobSearch_1741576&utm_campaign=ROZEE.PK_job_search&utm_term=undefined,Careem,javascript:;,Karachi,N/A,2 views,Posted 9 hours ago,Null,"Visual Arts, After Effects, Video Editing, Adobe Indesign, Adobe Illustrator, Multilingual and Multicultural Design, Canva, Figma, Adobe Photoshop, Marketing Communications, Graphic Design, Motion Graphics, Cultural Awareness, Adobe Creative Suite (Photoshop, Illustrator, InDesign)",N/A,N/A,1 Post,First Shift (Day),First Shift (Day),Karachi,No Preference,Bachelors,Mid-Level,N/A,"Nov 29, 2025","Oct 29, 2025"
Karachi,Hub Planning and Forecasting Analyst,https://www.rozee.pk/hub-planning-and-forecasting-analyst-karachi-jobs-1741566?utm_source=jobSearch&utm_medium=website&utm_content=jobSearch_1741566&utm_campaign=ROZEE.PK_job_search&utm_term=undefined,GSK,javascript:;,Karachi,N/A,9 views,Posted 9 hours ago,Null,"Financial Planning, Budgeting, Analytical Skills, Microsoft Excel, Financial Systems, Financial Modeling, Forecasting, Variance Analysis, Management Reporting, Collaboration",N/A,N/A,1 Post,First Shift (Day),First Shift (Day),Karachi,No Preference,Bachelors,Entry Level,N/A,"Nov 29, 2025","Oct 29, 2025"
Karachi,Accounting Associate,https://www.rozee.pk/accounting-associate-karachi-jobs-1741560?utm_source=jobSearch&utm_medium=website&utm_content=jobSearch_1741560&utm_campaign=ROZEE.PK_job_search&utm_term=undefined,US Mobile,javascript:;,Karachi,"PKR. 150,000 - 150,000/Month",25 views,Posted 9 hours ago,Null,"Accounting, ERP Systems, Excel, Google Sheets, Communication, Organizational Skills, Analytical Skills, Attention to Detail, Client Management, Data Management, Payments and tax filings, Inventory and cost management",N/A,N/A,1 Post,First Shift (Day),First Shift (Day),Karachi,No Preference,Bachelors,Entry Level,N/A,"Nov 29, 2025","Oct 29, 2025"
Karachi,Electrical Engineer,https://www.rozee.pk/electrical-engineer-karachi-jobs-1741546?utm_source=jobSearch&utm_medium=website&utm_content=jobSearch_1741546&utm_campaign=ROZEE.PK_job_search&utm_term=undefined,Wärtsilä,javascript:;,Karachi,N/A,21 views,Posted 9 hours ago,Null,"Electrical maintenance in power plant, Leadership Skills, O&M policies and procedures implementation, Maintenance of electrical equipment including PLC, Total quality management techniques, Maintenance planning and Execution, Inventory Management, Training and Team Management",N/A,N/A,1 Post,First Shift (Day),First Shift (Day),Karachi,No Preference,N/A,Entry Level,N/A,"Nov 29, 2025","Oct 29, 2025"
Karachi,Tax Internship Program,https://www.rozee.pk/tax-internship-program-karachi-jobs-1741536?utm_source=jobSearch&utm_medium=website&utm_content=jobSearch_1741536&utm_campaign=ROZEE.PK_job_search&utm_term=undefined,EY,javascript:;,Karachi,N/A,9 views,Posted 9 hours ago,Null,"Technical expertise in tax, Leadership Skills, Agile working methods, Innovative Thinking, Effective Communication, Collaboration, Curiosity, Growth-oriented mindset, Multicultural Teamwork, Coaching and Development",N/A,N/A,1 Post,First Shift (Day),Internship,Karachi,No Preference,Bachelors,Entry Level,N/A,"Nov 29, 2025","Oct 29, 2025"
Karachi,Executive Secretary to CEO,https://www.rozee.pk/executive-secretary-karachi-jobs-1741520?utm_source=jobSearch&utm_medium=website&utm_content=jobSearch_1741520&utm_campaign=ROZEE.PK_job_search&utm_term=undefined,Indigo Textile Pvt. Ltd.,//www.rozee.pk/company/indigo-textile-pvt-ltd1,Karachi,"PKR. 70,000 - 90,000/Month",50 views,Posted 10 hours ago,Null,"Communication Skills, MS Excel, Interpersonal Leadership",N/A,"Secretarial, Clerical & Front Office",1 Post,First Shift (Day),Full Time/Permanent,Karachi,Female,Bachelors,Experienced Professional,N/A,"Nov 30, 2025","Oct 29, 2025"
Karachi,Automation Marketing Tech Assistant,https://www.rozee.pk/awaremed-automation-marketing-tech-assistant-islamabad-karachi-lahore-jobs-1741432?utm_source=jobSearch&utm_medium=website&utm_content=jobSearch_1741432&utm_campaign=ROZEE.PK_job_search&utm_term=undefined,AWAREmed,//www.rozee.pk/company/awaremed,Multiple Cities,"PKR. 100,000 - 200,000/Month",31 views,Posted 10 hours ago,Null,"Copywriting & Funnel Messaging Alignment, Zapier & API Integration, Email Marketing, SMS & Voicemail Automation, Workflow & Pipeline Automation, Lead Nurturing & Drip Campaigns, Appointment Scheduling Automation, Marketing Analytics & Dashboard Reporting, Reputation Management Automation, Funnel Building (Landing Pages & Triggers, CRM Data Management & Hygiene, QA Testing Automations, Asana Project Management, GHL Builder), Basic Graphic Design (Canva, Strong Written & Spoken English Communication, Time Management, Problem Solving",N/A,Marketing,1 Post,First Shift (Day),Full Time/Permanent,"Islamabad, Karachi, Lahore",No Preference,N/A,Experienced Professional,3 Years,"Nov 30, 2025","Oct 29, 2025"
Karachi,Relationship Manager - Hospitality / Events mangement Industry,https://www.rozee.pk/fulcrum-pvt-ltd-relationship-manager-hospitality-events-mangement-industry-karachi-jobs-1741506?utm_source=jobSearch&utm_medium=website&utm_content=jobSearch_1741506&utm_campaign=ROZEE.PK_job_search&utm_term=undefined,Fulcrum Pvt Ltd,//www.rozee.pk/company/fulcrum-pvt-ltd,Karachi,"PKR. 60,000 - 80,000/Month",68 views,Posted 10 hours ago,Null,"Event Management, Communication Skills, Hospitality Management",Consultants,Hotel/Restaurant Management,1 Post,First Shift (Day),Full Time/Permanent,Karachi,Male,Bachelors,Experienced Professional,2 Years,"Nov 29, 2025","Oct 29, 2025"
Karachi,Lab Engineer - Computer Science,https://www.rozee.pk/szabist-lab-engineer-computer-science-karachi-jobs-1741498?utm_source=jobSearch&utm_medium=website&utm_content=jobSearch_1741498&utm_campaign=ROZEE.PK_job_search&utm_term=undefined,SZABIST,//www.rozee.pk/company/szabist-1,Karachi,"PKR. 45,000 - 60,000/Month",20 views,Posted 11 hours ago,Null,"Problem Solving Skills, Interpersonal Skills, Web And Applications, Database, Programming",Education/Training,"Teachers/Education, Training & Development",1 Post,First Shift (Day),Full Time/Permanent,Karachi,No Preference,Bachelors,Entry Level,N/A,"Nov 13, 2025","Oct 29, 2025"
Karachi,Salesperson,https://www.rozee.pk/nj-japan-motors-salesperson-karachi-jobs-1741478?utm_source=jobSearch&utm_medium=website&utm_content=jobSearch_1741478&utm_campaign=ROZEE.PK_job_search&utm_term=undefined,Nj Japan Motors,//www.rozee.pk/company/nj-japan-motors,Karachi,"PKR. 40,000 - 40,000/Month",43 views,Posted 11 hours ago,Null,"Business Development, Retail Sales, Communication Skills",N/A,Sales & Business Development,1 Post,First Shift (Day),Full Time/Permanent,Karachi,Male,Matriculation/O-Level,Experienced Professional,N/A,"Nov 30, 2025","Oct 29, 2025"
Karachi,Admin / HR Manager,https://www.rozee.pk/rototec-pvt-ltd-admin-hr-manager-karachi-jobs-1732000?utm_source=jobSearch&utm_medium=website&utm_content=jobSearch_1732000&utm_campaign=ROZEE.PK_job_search&utm_term=undefined,Rototec Pvt Ltd,//www.rozee.pk/company/rototec-pvt-ltd,Karachi,N/A,279 views,"Posted Oct 18, 2025",Null,"Recruitment  Management, House Keeping Skills, HR Policy Formulation, Administrative Management",Packaging,Administration,1 Post,First Shift (Day),Full Time/Permanent,Karachi,Male,Bachelors,Experienced Professional,4 Years,"Nov 18, 2025","Oct 18, 2025"
Karachi,Backend Developer Intern,https://www.rozee.pk/backend-developer-intern-karachi-jobs-1741810?utm_source=jobSearch&utm_medium=website&utm_content=jobSearch_1741810&utm_campaign=ROZEE.PK_job_search&utm_term=undefined,Quanrio LLP,javascript:;,Karachi,"PKR. 15,000 - 15,000/Month",49 views,Posted 8 hours ago,Null,"Backend development concepts, Node.js, Express.js, API Integration, Mongodb, MySQL, Git, Debugging Tools, Problem-Solving",N/A,N/A,1 Post,First Shift (Day),Internship,Karachi,No Preference,Bachelors,Entry Level,N/A,"Nov 29, 2025","Oct 29, 2025"
Karachi,Assistant Accountant,https://www.rozee.pk/assistant-accountant-karachi-jobs-1741804?utm_source=jobSearch&utm_medium=website&utm_content=jobSearch_1741804&utm_campaign=ROZEE.PK_job_search&utm_term=undefined,Abbas brothers,javascript:;,Karachi,"PKR. 50,000 - 50,000/Month",83 views,Posted 8 hours ago,Null,"Bookkeeping, Invoicing, Accounts Receivable, Accounts Payable, Inventory Management, Billing, QuickBooks (advantage)",N/A,N/A,1 Post,First Shift (Day),First Shift (Day),Karachi,Male,Bachelors,Entry Level,N/A,"Nov 29, 2025","Oct 29, 2025"
Karachi,Graphic Designer / Social Media Manager,https://www.rozee.pk/livebazar-graphic-designer-social-media-manager-karachi-jobs-1737150?utm_source=jobSearch&utm_medium=website&utm_content=jobSearch_1737150&utm_campaign=ROZEE.PK_job_search&utm_term=undefined,LiveBazar,//www.rozee.pk/company/livebazar,Karachi,"PKR. 30,000 - 60,000/Month",26 views,Posted 8 hours ago,Null,"Digital Marketing, Social Media Management, Video Editing, Graphic Designing",N/A,Marketing,1 Post,First Shift (Day),Full Time/Permanent,Karachi,No Preference,Intermediate/A-Level,Entry Level,1 Year,"Nov 24, 2025","Oct 29, 2025"
Karachi,Co Teachers (Pre Primary),https://www.rozee.pk/co-teachers-pre-primary-karachi-jobs-1741788?utm_source=jobSearch&utm_medium=website&utm_content=jobSearch_1741788&utm_campaign=ROZEE.PK_job_search&utm_term=undefined,Happy Palace Grammar School,javascript:;,Karachi,N/A,49 views,Posted 8 hours ago,Null,"Assist in lesson planning, Classroom Management, Child supervision, Maintaining hygiene, Supporting child care routines, Communication Skills, Teamwork, Early Childhood Education (ECE) or Montessori",N/A,N/A,1 Post,First Shift (Day),First Shift (Day),Karachi,No Preference,Diploma,Entry Level,N/A,"Nov 29, 2025","Oct 29, 2025"
Karachi,Call Centre Agent - Domestic campaign,https://www.rozee.pk/call-centre-agent-domestic-campaign-karachi-jobs-1741786?utm_source=jobSearch&utm_medium=website&utm_content=jobSearch_1741786&utm_campaign=ROZEE.PK_job_search&utm_term=undefined,Octopus Digital Network,javascript:;,Karachi,"PKR. 30,000 - 30,000/Month",41 views,Posted 8 hours ago,Null,"Strong Communication Skills, Customer Service, handling customer inquiries, Complaint Resolution, Problem-Solving, Coordination With Departments, Following Instructions, multi-tasking",N/A,N/A,1 Post,First Shift (Day),First Shift (Day),Karachi,No Preference,Bachelors,Entry Level,N/A,"Nov 29, 2025","Oct 29, 2025"
Karachi,Manager Material Planning & Local Purchase,https://www.rozee.pk/manager-material-planning-local-purchase-karachi-jobs-1741776?utm_source=jobSearch&utm_medium=website&utm_content=jobSearch_1741776&utm_campaign=ROZEE.PK_job_search&utm_term=undefined,Solution Consulting,javascript:;,Karachi,"PKR. 200,000 - 200,000/Month",26 views,Posted 8 hours ago,Null,"Material Planning, Local Procurement, Vendor Negotiation, Inventory Management, Data Analysis, Organizational Skills, Communication Skills, Quality Control, Cost Efficiency, Inventory Management Software, Procurement Tools",N/A,N/A,1 Post,First Shift (Day),First Shift (Day),Karachi,No Preference,Bachelors,Entry Level,N/A,"Nov 29, 2025","Oct 29, 2025"
Karachi,Inventory Store Officer,https://www.rozee.pk/inventory-store-officer-karachi-jobs-1741772?utm_source=jobSearch&utm_medium=website&utm_content=jobSearch_1741772&utm_campaign=ROZEE.PK_job_search&utm_term=undefined,AA Joyland Pvt,javascript:;,Karachi,"PKR. 90,000 - 90,000/Month",85 views,Posted 8 hours ago,Null,"Stock Management, Warehouse Operations, Inventory Control, Accurate record-keeping, MS Excel, Inventory Management Software, ERP Systems, Organizational Skills, Attention to Detail, Data Entry, Communication, Coordination",N/A,N/A,1 Post,First Shift (Day),First Shift (Day),Karachi,No Preference,Diploma,Entry Level,N/A,"Nov 29, 2025","Oct 29, 2025"
Karachi,Data Entry Operator,https://www.rozee.pk/data-entry-operator-karachi-jobs-1741746?utm_source=jobSearch&utm_medium=website&utm_content=jobSearch_1741746&utm_campaign=ROZEE.PK_job_search&utm_term=undefined,Go Dekho,javascript:;,Karachi,"PKR. 20,000 - 20,000/Month",95 views,Posted 8 hours ago,Null,"Typing Skills, Attention to Detail, Data Entry, MS Office (Word, Excel), Data Management, Confidentiality, Organizational Skills",N/A,N/A,1 Post,First Shift (Day),First Shift (Day),Karachi,No Preference,Bachelors,Entry Level,N/A,"Nov 29, 2025","Oct 29, 2025"
Karachi,Safety Marshal,https://www.rozee.pk/safety-marshal-karachi-jobs-1741740?utm_source=jobSearch&utm_medium=website&utm_content=jobSearch_1741740&utm_campaign=ROZEE.PK_job_search&utm_term=undefined,HRSG Outsourcing PvtLtd,javascript:;,Karachi,"PKR. 50,000 - 50,000/Month",25 views,Posted 8 hours ago,Null,"Workplace health and safety regulations, Safety Inspections and Audits, Hazard Identification, Safety Training and Communication, Incident Investigation, Record Keeping and Documentation, Use and maintenance of safety equipment, Organizational Skills, Excellent Communication",N/A,N/A,1 Post,First Shift (Day),Contract,Karachi,No Preference,Bachelors,Entry Level,N/A,"Nov 29, 2025","Oct 29, 2025"
Lahore,Senior WordPress Developer,https://www.rozee.pk/ninja-softs-pvt-limited-senior-wordpress-developer-kharianislamabadgujranwalagujratlahorerawalpindilalamusawah-cantt-jobs-1736112?utm_source=jobSearch&utm_medium=website&utm_content=jobSearch_1736112&utm_campaign=ROZEE.PK_job_search&utm_term=undefined,Ninja Softs (PVT) Limited,//www.rozee.pk/company/ninja-softs-pvt-limited,Multiple Cities,N/A,689 views,Posted 6 days ago,Null,"HTML5, CSS3, WP, WooCommerce, MySQL, Jquery",Information Technology,Software & Web Development,1 Post,First Shift (Day),Full Time/Permanent,"Islamabad, Gujranwala, Lahore, Rawalpindi, Gujrat, Kharian, Wah Cantt, Lalamusa",No Preference,Bachelors,Experienced Professional,N/A,"Nov 08, 2025","Oct 23, 2025"
Lahore,Sales Officer,https://www.rozee.pk/prism-consulting-pvt-ltd-sales-officer-lahore-rawalpindi-sargodha-jobs-1727502?utm_source=jobSearch&utm_medium=website&utm_content=jobSearch_1727502&utm_campaign=ROZEE.PK_job_search&utm_term=undefined,Prism Consulting Pvt Ltd,//www.rozee.pk/company/prism-consulting-pvt-ltd,Multiple Cities,"PKR. 50,000 - 60,000/Month",1724 views,"Posted Oct 20, 2025",Null,"Communication Skills, Trade Negotiation, Customer Acquisition Skills, Retail Sales, B2B Business Development, Chemical Sales, Sales Channel Development",Consultants,Sales & Business Development,3 Posts,First Shift (Day),Full Time/Permanent,"Lahore, Rawalpindi, Sargodha",No Preference,Bachelors,Experienced Professional,"2 Years (Chemicals Sales ( used for furniture, construction and packaging material))","Nov 21, 2025","Oct 20, 2025"
Lahore,Logistics Coordinator,https://www.rozee.pk/ontime-international-shippng-logistics-logistics-coordinator-lahore-jobs-1733132?utm_source=jobSearch&utm_medium=website&utm_content=jobSearch_1733132&utm_campaign=ROZEE.PK_job_search&utm_term=undefined,OnTime International Shipping & Logistics,//www.rozee.pk/company/ontime-international-shipping-logistics,Lahore,"PKR. 30,000 - 60,000/Month",166 views,Posted 3 hours ago,Null,"Telemarketing  Skills, Client Confidentiality, Coordination Skillss",Courier / Logistics,Distribution & Logistics,2 Posts,First Shift (Day),Full Time/Permanent,Lahore,No Preference,Bachelors,Experienced Professional,N/A,"Nov 20, 2025","Oct 29, 2025"
Lahore,Customer Service Representative – Night Shift (Fluent English),https://www.rozee.pk/customer-service-representative-%e2%80%93-night-shift-fluent-english-lahore-jobs-1741814?utm_source=jobSearch&utm_medium=website&utm_content=jobSearch_1741814&utm_campaign=ROZEE.PK_job_search&utm_term=undefined,Core Edge Solutions,javascript:;,Lahore,"PKR. 100,000 - 100,000/Month",69 views,Posted 8 hours ago,Null,"Customer Service, Call Center Experience, Fluent English (Spoken And Written), Confidence, Professionalism, Dependability, High Call Volume Management, Problem-Solving, Client Handling, Up-selling, Relationship-building",N/A,N/A,1 Post,First Shift (Day),First Shift (Day),Lahore,No Preference,Bachelors,Entry Level,N/A,"Nov 29, 2025","Oct 29, 2025"
Lahore,Payroll & Accounts Officer,https://www.rozee.pk/payroll-accounts-officer-lahore-jobs-1741812?utm_source=jobSearch&utm_medium=website&utm_content=jobSearch_1741812&utm_campaign=ROZEE.PK_job_search&utm_term=undefined,Dream Team,javascript:;,Lahore,"PKR. 50,000 - 50,000/Month",84 views,Posted 8 hours ago,Null,"Payroll Management, Income Tax Compliance, Knowledge of Pakistan’s income tax laws, Payroll software proficiency, Accounting Systems, Communication Skills, Attention to Detail, Interpersonal Skills, Independent Work, multi-tasking",N/A,N/A,1 Post,First Shift (Day),First Shift (Day),Lahore,No Preference,Bachelors,Entry Level,N/A,"Nov 29, 2025","Oct 29, 2025"
Lahore,Performance Marketing Specialist,https://www.rozee.pk/performance-marketing-specialist-lahore-jobs-1741808?utm_source=jobSearch&utm_medium=website&utm_content=jobSearch_1741808&utm_campaign=ROZEE.PK_job_search&utm_term=undefined,Seebiz SMC Pvt,javascript:;,Lahore,"PKR. 120,000 - 120,000/Month",28 views,Posted 8 hours ago,Null,"Performance Marketing, Google Ads, Facebook/Meta Ads, LinkedIn Ads, Branding fundamentals, Content Strategy Development, SEO, CRM Systems, Marketing Automation, Analytical Skills, Data-driven Decision Making, A/B Testing, Communication Skills",N/A,N/A,1 Post,First Shift (Day),First Shift (Day),Lahore,No Preference,Bachelors,Entry Level,N/A,"Nov 29, 2025","Oct 29, 2025"
Lahore,Senior Purchaser - Spare Parts (Workshop),https://www.rozee.pk/bashir-sons-transport-company-senior-purchaser-spare-parts-workshop-faisalabad-lahore-jobs-1737870?utm_source=jobSearch&utm_medium=website&utm_content=jobSearch_1737870&utm_campaign=ROZEE.PK_job_search&utm_term=undefined,Bashir Sons Transport Company,//www.rozee.pk/company/bashir-sons-transport-company,Multiple Cities,N/A,67 views,Posted 8 hours ago,Null,"Purchasing Negotiation, Communication Skills, Negotiation Skills, Purchase Procurement Knowledge",Travel/Tourism/Transportation,Procurement,1 Post,First Shift (Day),Full Time/Permanent,"Faisalabad, Lahore",Male,Intermediate/A-Level,Experienced Professional,10 Years,"Nov 25, 2025","Oct 29, 2025"
Lahore,Financial Controller,https://www.rozee.pk/360-degree-corporation-private-limited-financial-controller-lahore-jobs-1741728?utm_source=jobSearch&utm_medium=website&utm_content=jobSearch_1741728&utm_campaign=ROZEE.PK_job_search&utm_term=undefined,360 Degree Corporation Private Limited,//www.rozee.pk/company/360-degree-corporation-private-limited,Lahore,N/A,44 views,Posted 8 hours ago,Null,"Financial Reporting, Budgeting and Forecasting, Generally Accepted Accounting Principles (GAAP), Financial Analysis, Risk Management, Internal Controls, Cash Flow Management, SAP Financial Accounting (SAP FI), SAP FI Module Configuration, Internal Auditing",N/A,N/A,1 Post,N/A,Full Time/Permanent,Lahore,No Preference,N/A,N/A,17 Years,"Nov 30, 2025","Oct 29, 2025"
Lahore,Maintenance Engineer (Electrical & Mechanical),https://www.rozee.pk/maintenance-engineer-electrical-mechanical-lahore-jobs-1741790?utm_source=jobSearch&utm_medium=website&utm_content=jobSearch_1741790&utm_campaign=ROZEE.PK_job_search&utm_term=undefined,Sorrel Foods Private,javascript:;,Lahore,N/A,21 views,Posted 8 hours ago,Null,"Automation, Technical Documentation, Safety and Compliance, Machine process control, Equipment installation and upgrades, Troubleshooting, Preventive Maintenance, Power Management, Industrial Control Systems, Electrical Maintenance, PLC Programming, VFDs, generators, Switchgear, Electric Motors, Servo Drives, Siemens PLC, Mechanical Maintenance",N/A,N/A,1 Post,First Shift (Day),First Shift (Day),Lahore,No Preference,Bachelors,Entry Level,N/A,"Nov 29, 2025","Oct 29, 2025"
Lahore,HR Officer,https://www.rozee.pk/hr-officer-lahore-jobs-1741784?utm_source=jobSearch&utm_medium=website&utm_content=jobSearch_1741784&utm_campaign=ROZEE.PK_job_search&utm_term=undefined,ALM Human Resources,javascript:;,Lahore,"PKR. 40,000 - 40,000/Month",69 views,Posted 8 hours ago,Null,"EOBI Processing, PESSI registration, Statutory Compliance, Employee Record Management, Payroll support, Coordination and Communication, Knowledge of Labor Laws, Microsoft Excel",N/A,N/A,1 Post,First Shift (Day),First Shift (Day),Lahore,No Preference,Bachelors,Entry Level,N/A,"Nov 29, 2025","Oct 29, 2025"
Lahore,Technical Store Keeper,https://www.rozee.pk/technical-store-keeper-lahore-jobs-1741778?utm_source=jobSearch&utm_medium=website&utm_content=jobSearch_1741778&utm_campaign=ROZEE.PK_job_search&utm_term=undefined,Vega Pharmaceuticals Pvt,javascript:;,Lahore,N/A,43 views,Posted 8 hours ago,Null,"MS Office, Excel, Word, Basic inventory software knowledge, Inventory Control, Communication Skills, Organizational Skills",N/A,N/A,1 Post,First Shift (Day),First Shift (Day),Lahore,Male,Bachelors,Entry Level,N/A,"Nov 29, 2025","Oct 29, 2025"
Lahore,Project Engineer,https://www.rozee.pk/project-engineer-lahore-jobs-1741758?utm_source=jobSearch&utm_medium=website&utm_content=jobSearch_1741758&utm_campaign=ROZEE.PK_job_search&utm_term=undefined,Zong,javascript:;,Lahore,N/A,26 views,Posted 8 hours ago,Null,"Understanding of different entities/functions in, Interpersonal and communication skills., Negotiation Skills, Time & Stress Management., Strong follow-up skills., Expertise in MS Office suite (MS Excel, MS PowerPoint & MS Project), Strong Analytical Skills, Presentation Skills, Understanding of Project Management Methodologies",N/A,N/A,1 Post,First Shift (Day),Contract,Lahore,No Preference,Bachelors,Executive,N/A,"Nov 29, 2025","Oct 29, 2025"
Lahore,PHP Core Developer,https://www.rozee.pk/syslogicx-php-core-developer-lahore-jobs-1741756?utm_source=jobSearch&utm_medium=website&utm_content=jobSearch_1741756&utm_campaign=ROZEE.PK_job_search&utm_term=undefined,Syslogicx,//www.rozee.pk/company/syslogicx,Lahore,"PKR. 35,000 - 50,000/Month",17 views,Posted 8 hours ago,Null,"API Integration, Jquery, Unobtrusive Javascript, MySQL, Core Php",N/A,Software & Web Development,1 Post,First Shift (Day),Full Time/Permanent,Lahore,No Preference,Masters,Experienced Professional,3 Years,"Nov 30, 2025","Oct 29, 2025"
Lahore,Call Center Agent - Healthcare Support,https://www.rozee.pk/abacus-consulting-call-center-agent-healthcare-support-lahore-jobs-1741750?utm_source=jobSearch&utm_medium=website&utm_content=jobSearch_1741750&utm_campaign=ROZEE.PK_job_search&utm_term=undefined,Abacus Consulting,//www.rozee.pk/company/abacus-consulting,Lahore,"PKR. 40,000 - 45,000/Month",53 views,Posted 8 hours ago,Null,"Communication Skills, Call Headlining, Active Learning",Information Technology,Client Services & Customer Support,1 Post,First Shift (Day),Contract,Lahore,No Preference,Intermediate/A-Level,Entry Level,Less than 1 Year,"Nov 29, 2025","Oct 29, 2025"
Lahore,Field Sales Executive,https://www.rozee.pk/smsami-field-sales-executive-lahore-jobs-1741752?utm_source=jobSearch&utm_medium=website&utm_content=jobSearch_1741752&utm_campaign=ROZEE.PK_job_search&utm_term=undefined,SMSAMI,//www.rozee.pk/company/smsami,Lahore,"PKR. 40,000 - 80,000/Month",36 views,Posted 8 hours ago,Null,"Presentation Skills, Communication Skills, B2B Business Development, SaaS Software Command",Information Technology,Sales & Business Development,4 Posts,First Shift (Day),Full Time/Permanent,Lahore,No Preference,Bachelors,Entry Level,Less than 1 Year,"Nov 29, 2025","Oct 29, 2025"
Lahore,HR Officer,https://www.rozee.pk/hr-officer-lahore-jobs-1741732?utm_source=jobSearch&utm_medium=website&utm_content=jobSearch_1741732&utm_campaign=ROZEE.PK_job_search&utm_term=undefined,Perks HR Pvt,javascript:;,Lahore,"PKR. 70,000 - 70,000/Month",33 views,Posted 8 hours ago,Null,"Human Resources Operations, Recruitment and Talent Acquisition, Employee Records Management, Attendance and Leave Administration, Onboarding and offboarding processes, Employee Relations and Support, HR Compliance and Policy Implementation, HR Reporting and Analytics, Strong Written and Verbal Communication, Coordination and Documentation, MS Office proficiency (Excel, Word, PowerPoint), Attention to Detail, Multitasking, Confidentiality",N/A,N/A,1 Post,First Shift (Day),First Shift (Day),Lahore,No Preference,Bachelors,Entry Level,N/A,"Nov 29, 2025","Oct 29, 2025"
Lahore,Admin and Operation Executive,https://www.rozee.pk/admin-and-operation-executive-lahore-jobs-1741730?utm_source=jobSearch&utm_medium=website&utm_content=jobSearch_1741730&utm_campaign=ROZEE.PK_job_search&utm_term=undefined,Olx,javascript:;,Lahore,"PKR. 80,000 - 80,000/Month",47 views,Posted 8 hours ago,Null,"Data Analysis, Reporting Automation, Administrative Coordination, Excel, Power BI, AI tools (GPT, Claude, Gemini), Data Reporting, Telecom Management, travel documentation",N/A,N/A,1 Post,First Shift (Day),First Shift (Day),Lahore,No Preference,Bachelors,Entry Level,N/A,"Nov 29, 2025","Oct 29, 2025"
Lahore,Sales / Fundraise Executive,https://www.rozee.pk/together-sales-fundraise-executive-karachi-lahore-jobs-1741706?utm_source=jobSearch&utm_medium=website&utm_content=jobSearch_1741706&utm_campaign=ROZEE.PK_job_search&utm_term=undefined,Together.,//www.rozee.pk/company/together12,Multiple Cities,"PKR. 35,000 - 45,000/Month",36 views,Posted 8 hours ago,Null,"Communication Skills, Resource Development, Fundraising, Presentation Skills, Sales Management, Sales Automation",Business Development,Sales & Business Development,5 Posts,First Shift (Day),Full Time/Permanent,"Karachi, Lahore",No Preference,Bachelors,Entry Level,1 Year,"Nov 29, 2025","Oct 29, 2025"
Lahore,Personal Assistant,https://www.rozee.pk/personal-assistant-lahore-jobs-1741726?utm_source=jobSearch&utm_medium=website&utm_content=jobSearch_1741726&utm_campaign=ROZEE.PK_job_search&utm_term=undefined,Ghani Ceramics,javascript:;,Lahore,"PKR. 60,000 - 60,000/Month",56 views,Posted 8 hours ago,Null,"Personal Assistance, Executive Administrative Support, Communication, diary and calendar management, Microsoft Office Suite, Document Preparation, Filing, Correspondence Management, Organizational Skills, Time Management, Multitasking",N/A,N/A,1 Post,First Shift (Day),First Shift (Day),Lahore,Male,Bachelors,Entry Level,N/A,"Nov 29, 2025","Oct 29, 2025"
Lahore,Fresh Graduate Opportunity,https://www.rozee.pk/fresh-graduate-opportunity-lahore-jobs-1741722?utm_source=jobSearch&utm_medium=website&utm_content=jobSearch_1741722&utm_campaign=ROZEE.PK_job_search&utm_term=undefined,Geekybugs,javascript:;,Lahore,"PKR. 20,000 - 20,000/Month",34 views,Posted 8 hours ago,Null,"Software Development, Software Design, Computer Science principles, Problem-Solving, Collaboration, Technical Learning",N/A,N/A,1 Post,First Shift (Day),First Shift (Day),Lahore,No Preference,Bachelors,Entry Level,N/A,"Nov 29, 2025","Oct 29, 2025"
Lahore,Deputy Manager EPM (Engineering Planning & Maintenance),https://www.rozee.pk/deputy-manager-epm-engineering-planning-maintenance-lahore-jobs-1741720?utm_source=jobSearch&utm_medium=website&utm_content=jobSearch_1741720&utm_campaign=ROZEE.PK_job_search&utm_term=undefined,Gourmet Foods,javascript:;,Lahore,"PKR. 170,000 - 170,000/Month",20 views,Posted 8 hours ago,Null,"Maintenance Strategy Development, Plant maintenance scheduling, Equipment Reliability, Safety Compliance, Budget Management, Vendor Management, Collaboration with engineering and production, Spare Parts Inventory Management, Procurement Coordination",N/A,N/A,1 Post,First Shift (Day),First Shift (Day),Lahore,No Preference,Bachelors,Entry Level,N/A,"Nov 29, 2025","Oct 29, 2025"
Lahore,Chat Support Assistant,https://www.rozee.pk/chat-support-assistant-lahore-jobs-1741714?utm_source=jobSearch&utm_medium=website&utm_content=jobSearch_1741714&utm_campaign=ROZEE.PK_job_search&utm_term=undefined,Excellence Delivered,javascript:;,Lahore,"PKR. 50,000 - 50,000/Month",32 views,Posted 8 hours ago,Null,"Chat Support, SMS Marketing, Text Marketing, Social Media Marketing, Data Analysis, Digital Marketing Tools, Spreadsheets, CRM Systems, Written Communication, Interpersonal Skills, Attention to Detail",N/A,N/A,1 Post,First Shift (Day),First Shift (Day),Lahore,No Preference,Bachelors,Entry Level,N/A,"Nov 29, 2025","Oct 29, 2025"
Lahore,Freelance Opportunity: Lead UX/UI & Interactive Designer,https://www.rozee.pk/moris-n-haris-freelance-opportunity-lead-uxui-interactive-designer-lahore-jobs-1741462?utm_source=jobSearch&utm_medium=website&utm_content=jobSearch_1741462&utm_campaign=ROZEE.PK_job_search&utm_term=undefined,Null,//www.rozee.pk/company/moris-n-haris,"Moris n Haris 
                                                    
                                                                    
                                                                                                            PKR 200",N/A,Null,Null,Null,Null,N/A,N/A,N/A,N/A,N/A,N/A,N/A,N/A,N/A,N/A,"Nov 30, 2025","Oct 29, 2025"
Lahore,Electrician,https://www.rozee.pk/associated-technologies-private-limited-electrician-lahore-jobs-1741678?utm_source=jobSearch&utm_medium=website&utm_content=jobSearch_1741678&utm_campaign=ROZEE.PK_job_search&utm_term=undefined,Associated Technologies Private Limited,//www.rozee.pk/company/associated-technologies-private-limited,Lahore,N/A,19 views,Posted 8 hours ago,Null,"Electrical Controls, Diagnosing Skills, Electrical Controls Knowledge, Control Panel Knowledge",Engineering,Maintenance/Repair,1 Post,First Shift (Day),Full Time/Permanent,Lahore,No Preference,Diploma,Entry Level,1 Year,"Nov 29, 2025","Oct 29, 2025"
Lahore,Sales Manager,https://www.rozee.pk/art-vision-outdoor-advertiser-sales-manager-lahore-jobs-1741676?utm_source=jobSearch&utm_medium=website&utm_content=jobSearch_1741676&utm_campaign=ROZEE.PK_job_search&utm_term=undefined,Art Vision Outdoor Advertiser,//www.rozee.pk/company/art-vision-outdoor-advertiser1,Lahore,N/A,18 views,Posted 8 hours ago,Null,"Presentation Skills, Sales Strategic, Manage Client Relationships, Communication Skills, Negotiation Skills, Business Development",Advertising / PR,Marketing,3 Posts,First Shift (Day),Full Time/Permanent,Lahore,No Preference,Masters,Experienced Professional,2 Years,"Nov 29, 2025","Oct 29, 2025"
Lahore,Admin / Accounts Manager,https://www.rozee.pk/rehman-construction-interiors-pvt-ltd-admin-accounts-manager-lahore-jobs-1739796?utm_source=jobSearch&utm_medium=website&utm_content=jobSearch_1739796&utm_campaign=ROZEE.PK_job_search&utm_term=undefined,Rehman Construction & Interiors Pvt Ltd,//www.rozee.pk/company/rehman-construction-interiors-pvt-ltd,Lahore,"PKR. 60,000 - 80,000/Month",134 views,Posted 2 days ago,Null,"Office Automation, Correspondence Managament, Communication Skills, Account Management Skllis, Taxations Knowledge",Architecture/Interior Design,Administration,1 Post,First Shift (Day),Full Time/Permanent,Lahore,No Preference,M-Phill,Experienced Professional,N/A,"Nov 27, 2025","Oct 27, 2025"
Lahore,SQA Automation engineer,https://www.rozee.pk/sqa-automation-engineer-lahore-jobs-1741680?utm_source=jobSearch&utm_medium=website&utm_content=jobSearch_1741680&utm_campaign=ROZEE.PK_job_search&utm_term=undefined,FiveRivers Technologies,javascript:;,Lahore,N/A,7 views,Posted 9 hours ago,Null,"Software Development Life Cycle (SDLC), Test Documentation, APIs, Databases, Web Technologies, GitLab), CI/CD tools (Jenkins, Test Planning, Test Automation Frameworks, Agile Methodologies, Automation Testing, TestRail, JIRA, JavaScript, Python, Java, TestNG, Junit, Selenium",N/A,N/A,1 Post,First Shift (Day),First Shift (Day),Lahore,No Preference,Bachelors,Entry Level,N/A,"Nov 29, 2025","Oct 29, 2025"
Lahore,Call Center Agent,https://www.rozee.pk/hair-energy-by-ayesha-sohaib-call-center-agent-lahore-jobs-1733162?utm_source=jobSearch&utm_medium=website&utm_content=jobSearch_1733162&utm_campaign=ROZEE.PK_job_search&utm_term=undefined,Hair Energy by Ayesha Sohaib,//www.rozee.pk/company/hair-energy-by-ayesha-sohaib,Lahore,"PKR. 30,000 - 40,000/Month",155 views,Posted 9 hours ago,Null,"Customer Service Skills, CRM Command, Team  Support",E-Commerce / E- Business,Client Services & Customer Support,10 Posts,First Shift (Day),Full Time/Permanent,Lahore,Female,Bachelors,Experienced Professional,2 Years,"Nov 21, 2025","Oct 29, 2025"
Lahore,Computer Vision Engineer,https://www.rozee.pk/nexbit-technologies-computer-vision-engineer-jobs-1741646?utm_source=jobSearch&utm_medium=website&utm_content=jobSearch_1741646&utm_campaign=ROZEE.PK_job_search&utm_term=undefined,Nexbit Technologies,//www.rozee.pk/company/nexbit-technologies,Lahore,N/A,18 views,Posted 9 hours ago,Null,"LLMs, NLP, OCR, Deep Learning, Computer Vision",N/A,Artificial Intelligence (AI),3 Posts,Work from Home,Full Time/Permanent,Lahore,Male,Bachelors,Experienced Professional,N/A,"Nov 29, 2025","Oct 29, 2025"
Lahore,Head of Compliance (Fintech & Digital Assets),https://www.rozee.pk/head-of-compliance-fintech-digital-assets-lahore-jobs-1741644?utm_source=jobSearch&utm_medium=website&utm_content=jobSearch_1741644&utm_campaign=ROZEE.PK_job_search&utm_term=undefined,Aqovia,javascript:;,Lahore,N/A,6 views,Posted 9 hours ago,Null,"Compliance strategy design and implementation, Regulatory framework knowledge (SECP, SBP, FATF), AML/CFT program oversight, Fintech regulatory compliance (PSP, PSO), Digital assets and tokenization compliance, Leadership and stakeholder management, Risk Management, Regulatory engagement and relationship management, Knowledge of AI and data-driven fintech solutions",N/A,N/A,1 Post,First Shift (Day),First Shift (Day),Lahore,No Preference,Bachelors,Manager,N/A,"Nov 29, 2025","Oct 29, 2025"
Lahore,Intermediate Software Developer,https://www.rozee.pk/intermediate-software-developer-lahore-jobs-1741640?utm_source=jobSearch&utm_medium=website&utm_content=jobSearch_1741640&utm_campaign=ROZEE.PK_job_search&utm_term=undefined,Contour Software,javascript:;,Lahore,N/A,17 views,Posted 9 hours ago,Null,".NET Development, JavaScript, React, Object-oriented programming, Microsoft Azure, SQL Server, SQL query optimization, RESTful API development and consumption, DevOps tools (Git, CI/CD pipelines), Problem Solving, Data Structures, Algorithms, Software Design, Communication Skills",N/A,N/A,1 Post,First Shift (Day),First Shift (Day),Lahore,No Preference,Bachelors,Mid-Level,N/A,"Nov 29, 2025","Oct 29, 2025"
Lahore,Software Support Representative,https://www.rozee.pk/software-support-representative-lahore-jobs-1741628?utm_source=jobSearch&utm_medium=website&utm_content=jobSearch_1741628&utm_campaign=ROZEE.PK_job_search&utm_term=undefined,Contour Software,javascript:;,Lahore,N/A,8 views,Posted 9 hours ago,Null,"Software Support, Customer Service, Computer Troubleshooting, Bookkeeping, Accounting Software (QuickBooks, Peachtree), Communication, Organizational Skills, payment gateways and integrations (Keenu, Payfast, Jazzcash, easypaisa, 1link, VISA/MasterCard), SQL, Excel",N/A,N/A,1 Post,First Shift (Day),First Shift (Day),Lahore,No Preference,Bachelors,Entry Level,N/A,"Nov 29, 2025","Oct 29, 2025"
Lahore,Senior SQA Engineer_01,https://www.rozee.pk/senior-sqa-engineer-01-lahore-jobs-1741626?utm_source=jobSearch&utm_medium=website&utm_content=jobSearch_1741626&utm_campaign=ROZEE.PK_job_search&utm_term=undefined,FiveRivers Technologies,javascript:;,Lahore,N/A,4 views,Posted 9 hours ago,Null,"Software Testing, Test Automation, Playwright, Cypress, Selenium, Python automation scripting, CI/CD tools (Jenkins, GitLab CI/CD), UI and functional testing, Browser debugging tools, DOM inspection, SQL Queries, Manual and exploratory testing, Agile Environment, Cross-functional Collaboration, Bug detection and documentation",N/A,N/A,1 Post,First Shift (Day),First Shift (Day),Lahore,No Preference,Bachelors,Manager,N/A,"Nov 29, 2025","Oct 29, 2025"
Lahore,Lawyer -  Inhouse Counsel,https://www.rozee.pk/associated-group-lawyer-inhouse-counsel-lahore-jobs-1741592?utm_source=jobSearch&utm_medium=website&utm_content=jobSearch_1741592&utm_campaign=ROZEE.PK_job_search&utm_term=undefined,Associated Group,//www.rozee.pk/company/associated-group1,Lahore,"PKR. 200,000 - 300,000/Month",30 views,Posted 9 hours ago,Null,"Communication Skills, Legal Affairs, Legal Advisory",N/A,Legal Affairs,1 Post,First Shift (Day),Full Time/Permanent,Lahore,No Preference,Bachelors,Experienced Professional,5 Years,"Nov 30, 2025","Oct 29, 2025"
Lahore,Talent Acquisition Partner - (6 month contract),https://www.rozee.pk/talent-acquisition-partner-6-month-contract-lahore-jobs-1741622?utm_source=jobSearch&utm_medium=website&utm_content=jobSearch_1741622&utm_campaign=ROZEE.PK_job_search&utm_term=undefined,Careem,javascript:;,Lahore,N/A,14 views,Posted 9 hours ago,Null,"Backend Engineering, Engineering Recruitment, Mobile Engineering, Data Analytics Recruitment, Screening, Data Analytics, Offer Management, LinkedIn Recruiter, Influencing Skills, Interviewing, Applicant Tracking Systems (Greenhouse), Data Science Recruitment, Stakeholder Management, Recruitment strategy, Technical Recruiting, Full-Cycle Recruitment, Sourcing, Data Science, Problem Solving, Applicant Tracking Systems, Candidate Experience, Talent Acquisition, Greenhouse",N/A,N/A,1 Post,First Shift (Day),Contract,Lahore,No Preference,N/A,Manager,N/A,"Nov 29, 2025","Oct 29, 2025"
Lahore,Software Engineer I - MLOps,https://www.rozee.pk/software-engineer-i-mlops-lahore-jobs-1741618?utm_source=jobSearch&utm_medium=website&utm_content=jobSearch_1741618&utm_campaign=ROZEE.PK_job_search&utm_term=undefined,Careem,javascript:;,Lahore,N/A,9 views,Posted 9 hours ago,Null,"Linear Algebra, Machine Learning, SOLID Principles, Software Engineering Principles (SOLID), Statistics, Machine learning algorithm theory, المحاسبة للشركات, Differential calculus, Algorithms, Data Structures, Infrastructure, Mathematical Analysis, Mobile Development, Software Engineering, SQL, Frontend Development, Collaboration, Backend Development, Machine Learning Algorithms, Python Programming, Probability Theory, Data Science, GITHUB, Data, calculus, Python, Artificial Intelligence, Cyber Security",N/A,N/A,1 Post,First Shift (Day),First Shift (Day),Lahore,No Preference,Bachelors,Entry Level,N/A,"Nov 29, 2025","Oct 29, 2025"
Lahore,Software Engineer II - MLOps,https://www.rozee.pk/software-engineer-ii-mlops-lahore-jobs-1741616?utm_source=jobSearch&utm_medium=website&utm_content=jobSearch_1741616&utm_campaign=ROZEE.PK_job_search&utm_term=undefined,Careem,javascript:;,Lahore,N/A,6 views,Posted 9 hours ago,Null,"Excellent oral and written English communication, Machine Learning, Statistics, SOLID Principles, Machine Learning Algorithms, Data Structures, Algorithms, ML Ops, Mobile Development, Software Engineering, Frontend Development, Python Programming, SQL, Mathematical Analysis, Probability Theory, Data Science, Backend Development, calculus, Linear Algebra, Python, Artificial Intelligence, Differential calculus, Cyber Security",N/A,N/A,1 Post,First Shift (Day),First Shift (Day),Lahore,No Preference,N/A,Mid-Level,N/A,"Nov 29, 2025","Oct 29, 2025"
Lahore,Software Engineer II - Backend | NextGen Engineering,https://www.rozee.pk/software-engineer-ii-backend-nextgen-engineering-lahore-jobs-1741614?utm_source=jobSearch&utm_medium=website&utm_content=jobSearch_1741614&utm_campaign=ROZEE.PK_job_search&utm_term=undefined,Careem,javascript:;,Lahore,N/A,8 views,Posted 9 hours ago,Null,"Algorithms, Clean Code principles, SOLID Principles, Communication Skills, Scalability, Data Structures, Clean Code Practices, AWS Infrastructure, Spring Boot, Problem Solving, Test-Driven Development, Object-Oriented Design, NoSQL Databases, AI knowledge (preferred), Design Patterns, Micro-Service Architecture, distributed backend systems, Continuous Development, Java 8, SQL",N/A,N/A,1 Post,First Shift (Day),First Shift (Day),Lahore,No Preference,Bachelors,Mid-Level,N/A,"Nov 29, 2025","Oct 29, 2025"
Lahore,Senior Software Engineer II - iOS,https://www.rozee.pk/senior-software-engineer-ii-ios-lahore-jobs-1741608?utm_source=jobSearch&utm_medium=website&utm_content=jobSearch_1741608&utm_campaign=ROZEE.PK_job_search&utm_term=undefined,Careem,javascript:;,Lahore,N/A,14 views,Posted 9 hours ago,Null,"Android development paradigms, iOS Application Development, Reactive programming frameworks (RxSwift, Combine), Combine, Mobile Development Lifecycle, Standard libraries, CI/CD pipelines (Bitrise), Bitrise, SwiftUI, Debugging, Testing, Code Reviews, CI/CD pipelines, Mentorship, iOS Frameworks, Kotlin, Communication Skills, Unit Testing, Concurrency, structured concurrency, Kotlin cross-platform development, Remote Agile/Scrum team collaboration, multithreading, file I/O, Build processes, Memory Management, Operations, App Store Publishing, Android application development paradigms, Agile Methodologies, Network Programming, Swift, source control management, software engineering best practices, SCRUM, SDK Development, RxSwift",N/A,N/A,1 Post,First Shift (Day),First Shift (Day),Lahore,No Preference,Bachelors,Manager,N/A,"Nov 29, 2025","Oct 29, 2025"
Lahore,Senior Software Engineer I - Data Platform,https://www.rozee.pk/senior-software-engineer-i-data-platform-lahore-jobs-1741606?utm_source=jobSearch&utm_medium=website&utm_content=jobSearch_1741606&utm_campaign=ROZEE.PK_job_search&utm_term=undefined,Careem,javascript:;,Lahore,N/A,7 views,Posted 9 hours ago,Null,"Java, Testing Frameworks, cluster resource utilization, Data Pipelines, Cloud control planes, data platform development, DOCKER, Orchestration, Scala, Distributed Systems, Kubernetes (preferred), Apache Spark, Data Engineering, Containerization, real-time data solutions, Software Engineering Principles, Trino, compute workload acceleration, Cloud Platforms, Software Development, Kafka, Query Optimization, Open-source contributions, Database internals including query optimization, Cloud-native Big Data Technologies, code performance optimization, Big Data Technologies, Database internals, Python, AWS, Kubernetes, GCP, المحاسبة للشركات, AI, Docker (preferred)",N/A,N/A,1 Post,First Shift (Day),First Shift (Day),Lahore,No Preference,Bachelors,Manager,N/A,"Nov 29, 2025","Oct 29, 2025"
Lahore,Senior Software Engineer I - Backend,https://www.rozee.pk/senior-software-engineer-i-backend-lahore-jobs-1741602?utm_source=jobSearch&utm_medium=website&utm_content=jobSearch_1741602&utm_campaign=ROZEE.PK_job_search&utm_term=undefined,Careem,javascript:;,Lahore,N/A,7 views,Posted 9 hours ago,Null,"DOCKER, Kotlin, source control management, Azure, Data Structures, Build processes, Golang, Code Reviews, Testing, Java, Algorithms, Operational Excellence, Object-Oriented Design, Coding Standards, Object-oriented programming, Relational Databases, Kubernetes, AWS, Google Cloud Platform, non-relational databases, Java Spring",N/A,N/A,1 Post,First Shift (Day),First Shift (Day),Lahore,No Preference,Bachelors,Manager,N/A,"Nov 29, 2025","Oct 29, 2025"
Lahore,Senior Software Engineer I,https://www.rozee.pk/senior-software-engineer-i-lahore-jobs-1741600?utm_source=jobSearch&utm_medium=website&utm_content=jobSearch_1741600&utm_campaign=ROZEE.PK_job_search&utm_term=undefined,Careem,javascript:;,Lahore,N/A,6 views,Posted 9 hours ago,Null,"Operating live online systems, Data Structures, Golang, operations), Testing, Code Reviews, المحاسبة للشركات, Java, Source Control, DOCKER, Relational and non-relational databases, Object-Oriented Design, Relational Databases, Build processes, AI application and automation, Amazon Web Services), Cloud platforms (Microsoft Azure, Deploying changes to production, non-relational databases, Algorithms, Microsoft Azure, Kubernetes, Amazon Web Services, Kubernetes), Containerization (Docker, Google Cloud Platform",N/A,N/A,1 Post,First Shift (Day),First Shift (Day),Lahore,No Preference,Master,Manager,N/A,"Nov 29, 2025","Oct 29, 2025"
Lahore,Senior Site Reliability Engineer II,https://www.rozee.pk/senior-site-reliability-engineer-ii-lahore-jobs-1741598?utm_source=jobSearch&utm_medium=website&utm_content=jobSearch_1741598&utm_campaign=ROZEE.PK_job_search&utm_term=undefined,Careem,javascript:;,Lahore,N/A,6 views,Posted 9 hours ago,Null,"LangChain, Pinecone, Ray, Continuous Integration/Continuous Deployment (CI/CD), Grafana, Postgres, Prometheus, MySQL, MILVUS, LlamaIndex, Pulumi, Redis, OpenTelemetry, GO, Cassandra, Bash, Terraform, AWS, OpenSearch, Python, Weaviate, Infrastructure As Code (IaC), Kafka",N/A,N/A,1 Post,First Shift (Day),First Shift (Day),Lahore,No Preference,N/A,Manager,N/A,"Nov 29, 2025","Oct 29, 2025"
Lahore,Senior WordPress Developer,https://www.rozee.pk/ninja-softs-pvt-limited-senior-wordpress-developer-kharianislamabadgujranwalagujratlahorerawalpindilalamusawah-cantt-jobs-1736112?utm_source=jobSearch&utm_medium=website&utm_content=jobSearch_1736112&utm_campaign=ROZEE.PK_job_search&utm_term=undefined,Ninja Softs (PVT) Limited,//www.rozee.pk/company/ninja-softs-pvt-limited,Multiple Cities,N/A,690 views,Posted 6 days ago,Null,"HTML5, CSS3, WP, WooCommerce, MySQL, Jquery",Information Technology,Software & Web Development,1 Post,First Shift (Day),Full Time/Permanent,"Islamabad, Gujranwala, Lahore, Rawalpindi, Gujrat, Kharian, Wah Cantt, Lalamusa",No Preference,Bachelors,Experienced Professional,N/A,"Nov 08, 2025","Oct 23, 2025"
Lahore,Sales Officer,https://www.rozee.pk/prism-consulting-pvt-ltd-sales-officer-lahore-rawalpindi-sargodha-jobs-1727502?utm_source=jobSearch&utm_medium=website&utm_content=jobSearch_1727502&utm_campaign=ROZEE.PK_job_search&utm_term=undefined,Prism Consulting Pvt Ltd,//www.rozee.pk/company/prism-consulting-pvt-ltd,Multiple Cities,"PKR. 50,000 - 60,000/Month",1725 views,"Posted Oct 20, 2025",Null,"Communication Skills, Trade Negotiation, Customer Acquisition Skills, Retail Sales, B2B Business Development, Chemical Sales, Sales Channel Development",Consultants,Sales & Business Development,3 Posts,First Shift (Day),Full Time/Permanent,"Lahore, Rawalpindi, Sargodha",No Preference,Bachelors,Experienced Professional,"2 Years (Chemicals Sales ( used for furniture, construction and packaging material))","Nov 21, 2025","Oct 20, 2025"
Lahore,Logistics Coordinator,https://www.rozee.pk/ontime-international-shippng-logistics-logistics-coordinator-lahore-jobs-1733132?utm_source=jobSearch&utm_medium=website&utm_content=jobSearch_1733132&utm_campaign=ROZEE.PK_job_search&utm_term=undefined,OnTime International Shipping & Logistics,//www.rozee.pk/company/ontime-international-shipping-logistics,Lahore,"PKR. 30,000 - 60,000/Month",167 views,Posted 3 hours ago,Null,"Telemarketing  Skills, Client Confidentiality, Coordination Skillss",Courier / Logistics,Distribution & Logistics,2 Posts,First Shift (Day),Full Time/Permanent,Lahore,No Preference,Bachelors,Experienced Professional,N/A,"Nov 20, 2025","Oct 29, 2025"
Lahore,Customer Service Representative – Night Shift (Fluent English),https://www.rozee.pk/customer-service-representative-%e2%80%93-night-shift-fluent-english-lahore-jobs-1741814?utm_source=jobSearch&utm_medium=website&utm_content=jobSearch_1741814&utm_campaign=ROZEE.PK_job_search&utm_term=undefined,Core Edge Solutions,javascript:;,Lahore,"PKR. 100,000 - 100,000/Month",71 views,Posted 8 hours ago,Null,"Customer Service, Call Center Experience, Fluent English (Spoken And Written), Confidence, Professionalism, Dependability, High Call Volume Management, Problem-Solving, Client Handling, Up-selling, Relationship-building",N/A,N/A,1 Post,First Shift (Day),First Shift (Day),Lahore,No Preference,Bachelors,Entry Level,N/A,"Nov 29, 2025","Oct 29, 2025"
Lahore,Payroll & Accounts Officer,https://www.rozee.pk/payroll-accounts-officer-lahore-jobs-1741812?utm_source=jobSearch&utm_medium=website&utm_content=jobSearch_1741812&utm_campaign=ROZEE.PK_job_search&utm_term=undefined,Dream Team,javascript:;,Lahore,"PKR. 50,000 - 50,000/Month",85 views,Posted 8 hours ago,Null,"Payroll Management, Income Tax Compliance, Knowledge of Pakistan’s income tax laws, Payroll software proficiency, Accounting Systems, Communication Skills, Attention to Detail, Interpersonal Skills, Independent Work, multi-tasking",N/A,N/A,1 Post,First Shift (Day),First Shift (Day),Lahore,No Preference,Bachelors,Entry Level,N/A,"Nov 29, 2025","Oct 29, 2025"
Lahore,Performance Marketing Specialist,https://www.rozee.pk/performance-marketing-specialist-lahore-jobs-1741808?utm_source=jobSearch&utm_medium=website&utm_content=jobSearch_1741808&utm_campaign=ROZEE.PK_job_search&utm_term=undefined,Seebiz SMC Pvt,javascript:;,Lahore,"PKR. 120,000 - 120,000/Month",29 views,Posted 8 hours ago,Null,"Performance Marketing, Google Ads, Facebook/Meta Ads, LinkedIn Ads, Branding fundamentals, Content Strategy Development, SEO, CRM Systems, Marketing Automation, Analytical Skills, Data-driven Decision Making, A/B Testing, Communication Skills",N/A,N/A,1 Post,First Shift (Day),First Shift (Day),Lahore,No Preference,Bachelors,Entry Level,N/A,"Nov 29, 2025","Oct 29, 2025"
Lahore,Senior Purchaser - Spare Parts (Workshop),https://www.rozee.pk/bashir-sons-transport-company-senior-purchaser-spare-parts-workshop-faisalabad-lahore-jobs-1737870?utm_source=jobSearch&utm_medium=website&utm_content=jobSearch_1737870&utm_campaign=ROZEE.PK_job_search&utm_term=undefined,Bashir Sons Transport Company,//www.rozee.pk/company/bashir-sons-transport-company,Multiple Cities,N/A,68 views,Posted 8 hours ago,Null,"Purchasing Negotiation, Communication Skills, Negotiation Skills, Purchase Procurement Knowledge",Travel/Tourism/Transportation,Procurement,1 Post,First Shift (Day),Full Time/Permanent,"Faisalabad, Lahore",Male,Intermediate/A-Level,Experienced Professional,10 Years,"Nov 25, 2025","Oct 29, 2025"
Rawalpindi,Senior WordPress Developer,https://www.rozee.pk/ninja-softs-pvt-limited-senior-wordpress-developer-kharianislamabadgujranwalagujratlahorerawalpindilalamusawah-cantt-jobs-1736112?utm_source=jobSearch&utm_medium=website&utm_content=jobSearch_1736112&utm_campaign=ROZEE.PK_job_search&utm_term=undefined,Ninja Softs (PVT) Limited,//www.rozee.pk/company/ninja-softs-pvt-limited,Multiple Cities,N/A,691 views,Posted 6 days ago,Null,"HTML5, CSS3, WP, WooCommerce, MySQL, Jquery",Information Technology,Software & Web Development,1 Post,First Shift (Day),Full Time/Permanent,"Islamabad, Gujranwala, Lahore, Rawalpindi, Gujrat, Kharian, Wah Cantt, Lalamusa",No Preference,Bachelors,Experienced Professional,N/A,"Nov 08, 2025","Oct 23, 2025"
Rawalpindi,Sales Officer,https://www.rozee.pk/prism-consulting-pvt-ltd-sales-officer-lahore-rawalpindi-sargodha-jobs-1727502?utm_source=jobSearch&utm_medium=website&utm_content=jobSearch_1727502&utm_campaign=ROZEE.PK_job_search&utm_term=undefined,Prism Consulting Pvt Ltd,//www.rozee.pk/company/prism-consulting-pvt-ltd,Multiple Cities,"PKR. 50,000 - 60,000/Month",1726 views,"Posted Oct 20, 2025",Null,"Communication Skills, Trade Negotiation, Customer Acquisition Skills, Retail Sales, B2B Business Development, Chemical Sales, Sales Channel Development",Consultants,Sales & Business Development,3 Posts,First Shift (Day),Full Time/Permanent,"Lahore, Rawalpindi, Sargodha",No Preference,Bachelors,Experienced Professional,"2 Years (Chemicals Sales ( used for furniture, construction and packaging material))","Nov 21, 2025","Oct 20, 2025"
Rawalpindi,Finance Officer,https://www.rozee.pk/finance-officer-rawalpindi-jobs-1741798?utm_source=jobSearch&utm_medium=website&utm_content=jobSearch_1741798&utm_campaign=ROZEE.PK_job_search&utm_term=undefined,MedAsk Pvt,javascript:;,Rawalpindi,"PKR. 70,000 - 70,000/Month",38 views,Posted 8 hours ago,Null,"Accounting Principles, Financial Reporting Standards, Audit Requirements, MS Excel, Financial/accounting software, Payment Processing, Organizational Skills, Time Management, Communication, Interpersonal Abilities",N/A,N/A,1 Post,First Shift (Day),First Shift (Day),Rawalpindi,No Preference,Master,Entry Level,N/A,"Nov 29, 2025","Oct 29, 2025"
Rawalpindi,Customer Service and Admin Officer,https://www.rozee.pk/customer-service-and-admin-officer-rawalpindi-jobs-1741744?utm_source=jobSearch&utm_medium=website&utm_content=jobSearch_1741744&utm_campaign=ROZEE.PK_job_search&utm_term=undefined,Think Higher Consultants,javascript:;,Rawalpindi,"PKR. 50,000 - 50,000/Month",44 views,Posted 8 hours ago,Null,"Customer Service, Administrative Support, Clerical Tasks, Ms Word, MS Office, Communication Skills, Organizational Skills, Time Management, Multitasking",N/A,N/A,1 Post,First Shift (Day),First Shift (Day),Rawalpindi,No Preference,Bachelors,Entry Level,N/A,"Nov 29, 2025","Oct 29, 2025"
Rawalpindi,Product Returns Associate,https://www.rozee.pk/product-returns-associate-rawalpindi-jobs-1741696?utm_source=jobSearch&utm_medium=website&utm_content=jobSearch_1741696&utm_campaign=ROZEE.PK_job_search&utm_term=undefined,Metropolitan Warehouse Delivery,javascript:;,Rawalpindi,"PKR. 70,000 - 70,000/Month",15 views,Posted 9 hours ago,Null,"Reverse Logistics, Supply Chain Operations, Microsoft Excel, English Communication, Warehousing processes, Inventory Management",N/A,N/A,1 Post,First Shift (Day),First Shift (Day),Rawalpindi,No Preference,Bachelors,Entry Level,N/A,"Nov 29, 2025","Oct 29, 2025"
Rawalpindi,Front Desk and Admin Coordinator - Night Shift,https://www.rozee.pk/front-desk-and-admin-coordinator-night-shift-rawalpindi-jobs-1741556?utm_source=jobSearch&utm_medium=website&utm_content=jobSearch_1741556&utm_campaign=ROZEE.PK_job_search&utm_term=undefined,CBRE,javascript:;,Rawalpindi,N/A,24 views,Posted 9 hours ago,Null,"Customer Service, Communication Skills, Microsoft Office (Word, Excel, Outlook), Organizational Skills, Clerical and administrative tasks, Reception Management, Problem Solving, Time Management",N/A,N/A,1 Post,First Shift (Day),First Shift (Day),Rawalpindi,No Preference,Bachelors,Entry Level,N/A,"Nov 29, 2025","Oct 29, 2025"
Rawalpindi,3D Visualiser,https://www.rozee.pk/work-together-3d-visualiser-rawalpindi-jobs-1741528?utm_source=jobSearch&utm_medium=website&utm_content=jobSearch_1741528&utm_campaign=ROZEE.PK_job_search&utm_term=undefined,Work Together,//www.rozee.pk/company/work-together,Rawalpindi,"PKR. 50,000 - 80,000/Month",25 views,Posted 10 hours ago,Null,"Interior Works, Enscape, D5, Sketchup, Lumion, 3D Visualization",Recruitment / Employment Firms,Architects & Construction,1 Post,First Shift (Day),Full Time/Permanent,Rawalpindi,No Preference,Diploma,Experienced Professional,N/A,"Nov 29, 2025","Oct 29, 2025"
Rawalpindi,Senior Accountant,https://www.rozee.pk/latimer-accounting-senior-accountant-islamabad-rawalpindi-jobs-1741524?utm_source=jobSearch&utm_medium=website&utm_content=jobSearch_1741524&utm_campaign=ROZEE.PK_job_search&utm_term=undefined,Latimer Accounting,//www.rozee.pk/company/latimer-accounting,Multiple Cities,"PKR. 100,000 - 125,000/Month",172 views,Posted 10 hours ago,Null,"Financial Statements, Reconciliation, Accounts  Administration, Taxation",N/A,"Accounts, Finance & Financial Services",1 Post,First Shift (Day),Full Time/Permanent,"Islamabad, Rawalpindi",No Preference,Bachelors,Experienced Professional,2 Years,"Nov 30, 2025","Oct 29, 2025"
Rawalpindi,Null,https://www.rozee.pk/riphah-international-university-receptionist-jobs-1741510?utm_source=jobSearch&utm_medium=website&utm_content=jobSearch_1741510&utm_campaign=ROZEE.PK_job_search&utm_term=undefined,Null,Null,Null,N/A,Null,Null,Null,Null,N/A,N/A,N/A,N/A,N/A,N/A,N/A,N/A,N/A,N/A,N/A,N/A
Rawalpindi,Frontend Developer - Next.js / React,https://www.rozee.pk/the-coffee-lab-frontend-developer-nextjs-react-rawalpindi-jobs-1741466?utm_source=jobSearch&utm_medium=website&utm_content=jobSearch_1741466&utm_campaign=ROZEE.PK_job_search&utm_term=undefined,The Coffee Lab,//www.rozee.pk/company/the-coffee-lab,Rawalpindi,"PKR. 60,000 - 70,000/Month",28 views,Posted 11 hours ago,Null,"APIs, User Interface Programming, Frontend Development",Hotel Management / Restaurants,Software & Web Development,5 Posts,Third Shift (Night),Full Time/Permanent,Rawalpindi,Male,Bachelors,Experienced Professional,3 Years,"Nov 29, 2025","Oct 29, 2025"
Rawalpindi,Backend Developer - NestJS / Node.js,https://www.rozee.pk/the-coffee-lab-backend-developer-nestjs-nodejs-rawalpindi-jobs-1741464?utm_source=jobSearch&utm_medium=website&utm_content=jobSearch_1741464&utm_campaign=ROZEE.PK_job_search&utm_term=undefined,The Coffee Lab,//www.rozee.pk/company/the-coffee-lab,Rawalpindi,"PKR. 150,000 - 150,000/Month",21 views,Posted 11 hours ago,Null,"API Development, Backend Development, Database",Hotel Management / Restaurants,Software & Web Development,5 Posts,Third Shift (Night),Full Time/Permanent,Rawalpindi,Male,Bachelors,Experienced Professional,2 Years,"Nov 29, 2025","Oct 29, 2025"
Rawalpindi,TikTok Shop Influencer / Campaign Manager - eCommerce Sales Growth,https://www.rozee.pk/the-coffee-lab-tiktok-shop-influencer-campaign-manager-ecommerce-sales-growth-rawalpindi-jobs-1741446?utm_source=jobSearch&utm_medium=website&utm_content=jobSearch_1741446&utm_campaign=ROZEE.PK_job_search&utm_term=undefined,The Coffee Lab,//www.rozee.pk/company/the-coffee-lab,Rawalpindi,"PKR. 100,000 - 100,000/Month",32 views,Posted 11 hours ago,Null,"Presentation Skills, Analytical Skills, Sales Management",Hotel Management / Restaurants,Advertising,5 Posts,Third Shift (Night),Full Time/Permanent,Rawalpindi,No Preference,Intermediate/A-Level,Entry Level,1 Year,"Nov 29, 2025","Oct 29, 2025"
Rawalpindi,Vendor Relations / Supplier Manager,https://www.rozee.pk/the-coffee-lab-vendor-relations-supplier-manager-rawalpindi-jobs-1741442?utm_source=jobSearch&utm_medium=website&utm_content=jobSearch_1741442&utm_campaign=ROZEE.PK_job_search&utm_term=undefined,The Coffee Lab,//www.rozee.pk/company/the-coffee-lab,Rawalpindi,"PKR. 60,000 - 70,000/Month",21 views,Posted 11 hours ago,Null,"Negotiation Skills, Communication Skills, Fluent in English",Hotel Management / Restaurants,Procurement,5 Posts,Third Shift (Night),Full Time/Permanent,Rawalpindi,Male,Intermediate/A-Level,Experienced Professional,2 Years,"Nov 29, 2025","Oct 29, 2025"
Rawalpindi,Academy Tutor,https://www.rozee.pk/academy-tutor-rawalpindi-jobs-1741380?utm_source=jobSearch&utm_medium=website&utm_content=jobSearch_1741380&utm_campaign=ROZEE.PK_job_search&utm_term=undefined,BI Consultancy Services,javascript:;,Rawalpindi,"PKR. 10,000 - 10,000/Month",34 views,Posted Yesterday,Null,"Mathematics, Physics, Chemistry, Lesson Planning, Curriculum Design, Assessment Strategies, Inclusive Teaching, Critical Thinking Promotion, Problem-solving Skills",N/A,N/A,1 Post,First Shift (Day),First Shift (Day),Rawalpindi,No Preference,Bachelors,Entry Level,N/A,"Nov 28, 2025","Oct 28, 2025"
Rawalpindi,Sales Representative,https://www.rozee.pk/penta-motive-sales-representative-islamabad-rawalpindi-jobs-1737388?utm_source=jobSearch&utm_medium=website&utm_content=jobSearch_1737388&utm_campaign=ROZEE.PK_job_search&utm_term=undefined,PENTA MOTIVE,//www.rozee.pk/company/penta-motive,Multiple Cities,"PKR. 35,000 - 125,000/Month",251 views,Posted 5 days ago,Null,"Computer Profcient, Fluent in English, Decision Analysis",Call Center,Sales & Business Development,4 Posts,Third Shift (Night),Full Time/Permanent,"Islamabad, Rawalpindi",No Preference,Matriculation/O-Level,Entry Level,N/A,"Nov 01, 2025","Oct 24, 2025"
Rawalpindi,Senior Web Developer,https://www.rozee.pk/senior-web-developer-rawalpindi-jobs-1741340?utm_source=jobSearch&utm_medium=website&utm_content=jobSearch_1741340&utm_campaign=ROZEE.PK_job_search&utm_term=undefined,Dezine Thru,javascript:;,Rawalpindi,"PKR. 40,000 - 40,000/Month",37 views,Posted Yesterday,Null,"Wordpress, Elementor, Elementor Pro, WooCommerce, HTML, CSS, JavaScript, PHP, Responsive Website Design, SEO Principles, Website Optimization, Project Management",N/A,N/A,1 Post,First Shift (Day),First Shift (Day),Rawalpindi,No Preference,Bachelors,Manager,N/A,"Nov 28, 2025","Oct 28, 2025"
Rawalpindi,SEO Content Writer,https://www.rozee.pk/seo-content-writer-rawalpindi-jobs-1741336?utm_source=jobSearch&utm_medium=website&utm_content=jobSearch_1741336&utm_campaign=ROZEE.PK_job_search&utm_term=undefined,ABS International,javascript:;,Rawalpindi,N/A,15 views,Posted Yesterday,Null,"SEO Content Writing, Content Marketing, English writing and grammar, Storytelling, Wordpress, SEO Tools (Ahrefs, SEMRUSH, Google Keyword Planner), AI writing tools, On-Page SEO, Keyword Research, Google Analytics, Google Search Console",N/A,N/A,1 Post,First Shift (Day),First Shift (Day),Rawalpindi,No Preference,Bachelors,Entry Level,N/A,"Nov 28, 2025","Oct 28, 2025"
Rawalpindi,PHP Programmer,https://www.rozee.pk/medialinkers-pvt-ltd-php-programmer-islamabadrawalpindi-jobs-1740160?utm_source=jobSearch&utm_medium=website&utm_content=jobSearch_1740160&utm_campaign=ROZEE.PK_job_search&utm_term=undefined,MediaLinkers Pvt. Ltd,//www.rozee.pk/company/medialinkers-pvt-ltd,Multiple Cities,N/A,123 views,Posted Yesterday,Null,"PHP, Laravel Framework, Code Ignitor, PHP and Laravel, Native PHP",Information Technology,Software & Web Development,5 Posts,First Shift (Day),Full Time/Permanent,"Islamabad, Rawalpindi",No Preference,Bachelors,Experienced Professional,2 Years,"Nov 28, 2025","Oct 28, 2025"
Rawalpindi,Webflow Developer,https://www.rozee.pk/webflow-developer-rawalpindi-jobs-1741264?utm_source=jobSearch&utm_medium=website&utm_content=jobSearch_1741264&utm_campaign=ROZEE.PK_job_search&utm_term=undefined,Technologies,javascript:;,Rawalpindi,"PKR. 30,000 - 30,000/Month",13 views,Posted Yesterday,Null,"Webflow, HTML, CSS, JavaScript, Responsive Design, SEO Optimization, Cross-browser Compatibility, Figma, Adobe XD, CMS Collections, Animations and Interactions, Third-party tool integration, Communication, Time Management",N/A,N/A,1 Post,First Shift (Day),First Shift (Day),Rawalpindi,No Preference,Bachelors,Entry Level,N/A,"Nov 28, 2025","Oct 28, 2025"
Rawalpindi,Customer Service Representative - B2B,https://www.rozee.pk/customer-service-representative-b2b-rawalpindi-jobs-1741254?utm_source=jobSearch&utm_medium=website&utm_content=jobSearch_1741254&utm_campaign=ROZEE.PK_job_search&utm_term=undefined,Spell Engineering,javascript:;,Rawalpindi,"PKR. 40,000 - 40,000/Month",15 views,Posted Yesterday,Null,"B2B Sales, Lead Generation, Cold Calling, Negotiation, Objection Handling, CRM Proficiency, English Communication, Target-Oriented, Basic Computer Operations",N/A,N/A,1 Post,First Shift (Day),First Shift (Day),Rawalpindi,No Preference,Bachelors,Entry Level,N/A,"Nov 28, 2025","Oct 28, 2025"
Rawalpindi,Video Editor,https://www.rozee.pk/video-editor-rawalpindi-jobs-1741076?utm_source=jobSearch&utm_medium=website&utm_content=jobSearch_1741076&utm_campaign=ROZEE.PK_job_search&utm_term=undefined,PL Solutions Rawalpindi,javascript:;,Rawalpindi,N/A,12 views,Posted Yesterday,Null,"Audio Syncing, Social Media Trends, Videography, Photography, Voice-over editing, Sound Mixing, Motion Design, Animation, Motion Graphics, Video Editing, Color Grading, Sound Design, Story pacing, Visual Storytelling, Final Cut Pro, DaVinci Resolve, After Effects, Adobe Premiere Pro",N/A,N/A,1 Post,First Shift (Day),First Shift (Day),Rawalpindi,No Preference,Bachelors,Entry Level,N/A,"Nov 28, 2025","Oct 28, 2025"
Rawalpindi,Junior Closers - Prime BPO 5,https://www.rozee.pk/junior-closers-prime-bpo-5-rawalpindi-jobs-1741062?utm_source=jobSearch&utm_medium=website&utm_content=jobSearch_1741062&utm_campaign=ROZEE.PK_job_search&utm_term=undefined,Prime Bpo,javascript:;,Rawalpindi,"PKR. 75,000 - 75,000/Month",16 views,Posted Yesterday,Null,"Sales Closing, English Communication, Attention to Detail, Target Achievement, night shift work",N/A,N/A,1 Post,First Shift (Day),First Shift (Day),Rawalpindi,No Preference,Bachelors,Entry Level,N/A,"Nov 28, 2025","Oct 28, 2025"
Rawalpindi,Sales Officer,https://www.rozee.pk/prime-human-resource-services-pvt-ltd-sales-officer-karachilahorerawalpindiislamabad-jobs-1741020?utm_source=jobSearch&utm_medium=website&utm_content=jobSearch_1741020&utm_campaign=ROZEE.PK_job_search&utm_term=undefined,Prime Human Resource Services (Pvt) Ltd,//www.rozee.pk/company/prime-human-resource-services-pvt-ltd,Multiple Cities,"PKR. 40,000 - 40,000/Month",85 views,Posted Yesterday,Null,"Pharmacy Knwoledge, Field Work, Business Development",Recruitment / Employment Firms,Sales & Business Development,25 Posts,First Shift (Day),Full Time/Permanent,"Islamabad, Karachi, Lahore, Rawalpindi",No Preference,Intermediate/A-Level,Entry Level,N/A,"Nov 09, 2025","Oct 28, 2025"
Rawalpindi,Video Editor - Intern,https://www.rozee.pk/alpha-creations-pvt-ltd-video-editor-intern-islamabadlahorerawalpindipeshawarrawattaxilawah-cantt-jobs-1741012?utm_source=jobSearch&utm_medium=website&utm_content=jobSearch_1741012&utm_campaign=ROZEE.PK_job_search&utm_term=undefined,Alpha Creations Pvt Ltd,//www.rozee.pk/company/alpha-creations-pvt-ltd,Multiple Cities,N/A,56 views,Posted Yesterday,Null,"Video Effects Knowledge, Motion Graphics, Adobe After Effects, Adobe Premiere Pro",Media/Communications,Intern,3 Posts,First Shift (Day),Internship,"Islamabad, Lahore, Peshawar, Rawalpindi, Rawat, Taxila, Wah Cantt",No Preference,Matriculation/O-Level,Entry Level,Fresh,"Nov 29, 2025","Oct 28, 2025"
Rawalpindi,Sales Executive,https://www.rozee.pk/techpak-group-of-companies-sales-executive-islamabad-rawalpindi-jobs-1741010?utm_source=jobSearch&utm_medium=website&utm_content=jobSearch_1741010&utm_campaign=ROZEE.PK_job_search&utm_term=undefined,Techpak Group Of Companies,//www.rozee.pk/company/techpak-group-of-companies,Multiple Cities,N/A,18 views,Posted Yesterday,Null,"Communication Skills, Client Handling, Client Contact Skills, Real Estate Marketing",N/A,Sales & Business Development,20 Posts,First Shift (Day),Full Time/Permanent,"Islamabad, Rawalpindi",Female,Bachelors,Experienced Professional,N/A,"Nov 29, 2025","Oct 28, 2025"
Rawalpindi,Inbound Verification Officer,https://www.rozee.pk/inbound-verification-officer-rawalpindi-jobs-1741054?utm_source=jobSearch&utm_medium=website&utm_content=jobSearch_1741054&utm_campaign=ROZEE.PK_job_search&utm_term=undefined,Prime Bpo,javascript:;,Rawalpindi,"PKR. 75,000 - 75,000/Month",17 views,Posted Yesterday,Null,"Customer Service, Verification of customer information, Communication Skills, Interpersonal Skills, Detail-oriented, Ability To Work Night Shifts",N/A,N/A,1 Post,First Shift (Day),First Shift (Day),Rawalpindi,No Preference,Bachelors,Entry Level,N/A,"Nov 28, 2025","Oct 28, 2025"
Rawalpindi,CSR Intern,https://www.rozee.pk/csr-intern-rawalpindi-jobs-1741016?utm_source=jobSearch&utm_medium=website&utm_content=jobSearch_1741016&utm_campaign=ROZEE.PK_job_search&utm_term=undefined,Joyland Pvt,javascript:;,Rawalpindi,"PKR. 25,000 - 25,000/Month",17 views,Posted Yesterday,Null,"Customer Service, Communication, Interpersonal Skills, Positive Attitude, Adaptability",N/A,N/A,1 Post,First Shift (Day),First Shift (Day),Rawalpindi,Male,Bachelors,Entry Level,N/A,"Nov 28, 2025","Oct 28, 2025"
Rawalpindi,ERP Bitrix24 Expert,https://www.rozee.pk/erp-bitrix24-expert-rawalpindi-jobs-1740916?utm_source=jobSearch&utm_medium=website&utm_content=jobSearch_1740916&utm_campaign=ROZEE.PK_job_search&utm_term=undefined,Pak German Engineers,javascript:;,Rawalpindi,"PKR. 50,000 - 50,000/Month",14 views,Posted Yesterday,Null,"Bitrix24 implementation, Bitrix24 configuration, CRM, HR MODULES, Project management modules, API Integrations, Automation Workflows, Custom Module Development, MySQL, SQL, WebHooks, PHP, JavaScript, Training and user support, Analytical and Problem-solving Skills, Documentation and Communication Skills",N/A,N/A,1 Post,First Shift (Day),First Shift (Day),Rawalpindi,No Preference,Bachelors,Entry Level,N/A,"Nov 28, 2025","Oct 28, 2025"
Rawalpindi,Salesman,https://www.rozee.pk/the-prime-mall-salesman-rawalpindi-jobs-1740882?utm_source=jobSearch&utm_medium=website&utm_content=jobSearch_1740882&utm_campaign=ROZEE.PK_job_search&utm_term=undefined,The Prime Mall,//www.rozee.pk/company/the-prime-mall,Rawalpindi,"PKR. 20,000 - 30,000/Month",45 views,Posted Yesterday,Null,"Communication Skills, Confident, Basic Computer Knowledge",Services,Retail,4 Posts,First Shift (Day),Full Time/Permanent,Rawalpindi,Male,Matriculation/O-Level,Entry Level,Less than 1 Year,"Nov 29, 2025","Oct 28, 2025"
Rawalpindi,Social Media Intern,https://www.rozee.pk/social-media-intern-rawalpindi-jobs-1740832?utm_source=jobSearch&utm_medium=website&utm_content=jobSearch_1740832&utm_campaign=ROZEE.PK_job_search&utm_term=undefined,Unity Films Software PVT,javascript:;,Rawalpindi,"PKR. 20,000 - 20,000/Month",10 views,Posted Yesterday,Null,"Social Media Management, Digital Marketing, Content Creation, Social media platforms (Instagram, Facebook, YouTube, Tiktok), Social Media Trends, Analytics Tools, Writing, Communication, English and Urdu proficiency, Graphic Design Basics, video editing basics, Copywriting, Campaign Planning",N/A,N/A,1 Post,First Shift (Day),First Shift (Day),Rawalpindi,No Preference,Bachelors,Entry Level,N/A,"Nov 28, 2025","Oct 28, 2025"
Rawalpindi,Admin Executive,https://www.rozee.pk/bgci-admin-executive-rawalpindi-jobs-1740602?utm_source=jobSearch&utm_medium=website&utm_content=jobSearch_1740602&utm_campaign=ROZEE.PK_job_search&utm_term=undefined,BGCI,//www.rozee.pk/company/bgci,Rawalpindi,"PKR. 35,000 - 40,000/Month",48 views,Posted Yesterday,Null,"Schedule Coordination, Employee Management, Communication Skills",N/A,Administration,1 Post,First Shift (Day),Full Time/Permanent,Rawalpindi,Female,Intermediate/A-Level,Experienced Professional,2 Years,"Nov 29, 2025","Oct 28, 2025"
Rawalpindi,Regulatory Executive,https://www.rozee.pk/regulatory-executive-rawalpindi-jobs-1740720?utm_source=jobSearch&utm_medium=website&utm_content=jobSearch_1740720&utm_campaign=ROZEE.PK_job_search&utm_term=undefined,SHAIGAN PHARMACEUTICALS PVT,javascript:;,Rawalpindi,"PKR. 70,000 - 70,000/Month",12 views,Posted Yesterday,Null,"Knowledge of WHO GMP, Knowledge of PIC/S GMP, Knowledge of EMA regulations, Knowledge of TGA requirements, Knowledge of ICH guidelines, Conducting gap analyses, Developing and maintaining SOPs, Regulatory Documentation, coordination and communication skills, Attention to Detail, Proactive regulatory compliance",N/A,N/A,1 Post,First Shift (Day),First Shift (Day),Rawalpindi,No Preference,Bachelors,Entry Level,N/A,"Nov 28, 2025","Oct 28, 2025"
Rawalpindi,Social Media Assistant,https://www.rozee.pk/social-media-assistant-rawalpindi-jobs-1740618?utm_source=jobSearch&utm_medium=website&utm_content=jobSearch_1740618&utm_campaign=ROZEE.PK_job_search&utm_term=undefined,Shopin ecom,javascript:;,Rawalpindi,"PKR. 25,000 - 25,000/Month",10 views,Posted Yesterday,Null,"Social Media Management, Content Creation, Community Engagement, Communication Skills, Organizational Skills, Trend responsiveness",N/A,N/A,1 Post,First Shift (Day),First Shift (Day),Rawalpindi,Male,Bachelors,Entry Level,N/A,"Nov 28, 2025","Oct 28, 2025"
Rawalpindi,Site Supervisor - DAE Civil,https://www.rozee.pk/towper-power-pvt-ltd-site-supervisor-dae-civil-rawalpindi-jobs-1740218?utm_source=jobSearch&utm_medium=website&utm_content=jobSearch_1740218&utm_campaign=ROZEE.PK_job_search&utm_term=undefined,Towper Power Pvt Ltd,//www.rozee.pk/company/towper-power-pvt-ltd,Rawalpindi,N/A,30 views,Posted Yesterday,Null,"Project Coordination, Quality Control & Material Checking, Site Reporting & Documentation, Word, MS Office Excel, Reading And Understanding Drawings, Civil Work Execution, site supervisor, Basic AutoCad",Telecommunication / ISP,Field Operations,1 Post,First Shift (Day),Contract,Rawalpindi,Male,Diploma,Experienced Professional,N/A,"Nov 28, 2025","Oct 28, 2025"
Rawalpindi,CCTV Monitoring Operator,https://www.rozee.pk/apogee-collective-cctv-monitoring-operator-rawalpindi-jobs-1740188?utm_source=jobSearch&utm_medium=website&utm_content=jobSearch_1740188&utm_campaign=ROZEE.PK_job_search&utm_term=undefined,Apogee Collective,//www.rozee.pk/company/apogee-collective,Rawalpindi,"PKR. 35,000 - 50,000/Month",162 views,Posted Yesterday,Null,"Communication Skills, IP CCTV Knowledge, Referral Networks",N/A,Security,2 Posts,First Shift (Day),Full Time/Permanent,Rawalpindi,No Preference,Intermediate/A-Level,Entry Level,1 Year,"Nov 29, 2025","Oct 28, 2025"
Rawalpindi,Project Management Internship,https://www.rozee.pk/project-management-internship-rawalpindi-jobs-1740544?utm_source=jobSearch&utm_medium=website&utm_content=jobSearch_1740544&utm_campaign=ROZEE.PK_job_search&utm_term=undefined,Unity Films Software PVT,javascript:;,Rawalpindi,"PKR. 15,000 - 15,000/Month",33 views,Posted Yesterday,Null,"Project Coordination, Organizational Skills, Communication Skills, Familiarity with Trello or Asana, Basic knowledge of Adobe Creative Suite, Documentation and Reporting, Problem-Solving",N/A,N/A,1 Post,First Shift (Day),First Shift (Day),Rawalpindi,No Preference,Bachelors,Entry Level,N/A,"Nov 28, 2025","Oct 28, 2025"
Rawalpindi,Sales Officer,https://www.rozee.pk/vizpro-sales-officer-islamabad-rawalpindi-jobs-1740418?utm_source=jobSearch&utm_medium=website&utm_content=jobSearch_1740418&utm_campaign=ROZEE.PK_job_search&utm_term=undefined,VizPro,//www.rozee.pk/company/vizpro,Multiple Cities,"PKR. 50,000 - 60,000/Month",87 views,Posted Yesterday,Null,"Communication Skills, Order Tracking, Retail Sales",Services,Retail,3 Posts,First Shift (Day),Full Time/Permanent,"Islamabad, Rawalpindi",No Preference,Matriculation/O-Level,Entry Level,N/A,"Nov 28, 2025","Oct 28, 2025"
Rawalpindi,Commercial Specialist,https://www.rozee.pk/spectrum-scope-private-limited-commercial-specialist-rawalpindi-jobs-1731974?utm_source=jobSearch&utm_medium=website&utm_content=jobSearch_1731974&utm_campaign=ROZEE.PK_job_search&utm_term=undefined,Spectrum Scope (Private) Limited,//www.rozee.pk/company/spectrum-scope-private-limited,Rawalpindi,"PKR. 100,000 - 175,000/Month",148 views,Posted Yesterday,Null,"office software skill, International Trade Experience, Adobe Photoshop",Electronics,Project Management,2 Posts,First Shift (Day),Full Time/Permanent,Rawalpindi,Male,Bachelors,Experienced Professional,3 Years,"Nov 18, 2025","Oct 28, 2025"
Rawalpindi,Chief System Engineer,https://www.rozee.pk/spectrum-scope-private-limited-chief-system-engineer-rawalpindi-jobs-1731970?utm_source=jobSearch&utm_medium=website&utm_content=jobSearch_1731970&utm_campaign=ROZEE.PK_job_search&utm_term=undefined,Spectrum Scope (Private) Limited,//www.rozee.pk/company/spectrum-scope-private-limited,Rawalpindi,"PKR. 125,000 - 250,000/Month",131 views,Posted Yesterday,Null,"Office Software, Fundementals Of Communication And Electronics, Technical Proposal",Electronics,Researcher,2 Posts,First Shift (Day),Full Time/Permanent,Rawalpindi,Male,Masters,Experienced Professional,3 Years,"Nov 18, 2025","Oct 28, 2025"
Rawalpindi,React Front-End Developer,https://www.rozee.pk/react-front-end-developer-rawalpindi-jobs-1740478?utm_source=jobSearch&utm_medium=website&utm_content=jobSearch_1740478&utm_campaign=ROZEE.PK_job_search&utm_term=undefined,Your Cloud Campus,javascript:;,Rawalpindi,"PKR. 40,000 - 40,000/Month",49 views,Posted Yesterday,Null,"REACT.JS, JavaScript (ES6+), HTML5, CSS3, Tailwind CSS, Bootstrap, Restful APIs, UI/UX principles, Wireframing, Responsive Web Design, Git, WebPack, Vite, Figma, Adobe XD",N/A,N/A,1 Post,First Shift (Day),First Shift (Day),Rawalpindi,No Preference,Bachelors,Entry Level,N/A,"Nov 28, 2025","Oct 28, 2025"
Rawalpindi,Null,https://www.rozee.pk/faysal-bank-limited-regional-business-head-rawalpindi-rawalpindi-jobs-1740074?utm_source=jobSearch&utm_medium=website&utm_content=jobSearch_1740074&utm_campaign=ROZEE.PK_job_search&utm_term=undefined,Null,Null,Null,N/A,Null,Null,Null,Null,N/A,N/A,N/A,N/A,N/A,N/A,N/A,N/A,N/A,N/A,N/A,N/A
Rawalpindi,Fashion Operations  / Coordination Assistant,https://www.rozee.pk/maryam-ahmed-official-fashion-operations-coordination-assistant-islamabad-rawalpindi-jobs-1740092?utm_source=jobSearch&utm_medium=website&utm_content=jobSearch_1740092&utm_campaign=ROZEE.PK_job_search&utm_term=undefined,Maryam Ahmed Official,//www.rozee.pk/company/maryam-ahmed-official,Multiple Cities,N/A,154 views,Posted Yesterday,Null,"Proficiency In Microsft Excel, Fashion Knowledge, Creative Coordination, Fashion Operations Assistant, Fashion Brand Assistant",N/A,Operations,2 Posts,First Shift (Day),Full Time/Permanent,"Islamabad, Rawalpindi",No Preference,Intermediate/A-Level,Entry Level,Fresh,"Nov 28, 2025","Oct 28, 2025"
Rawalpindi,Senior WordPress Developer,https://www.rozee.pk/ninja-softs-pvt-limited-senior-wordpress-developer-kharianislamabadgujranwalagujratlahorerawalpindilalamusawah-cantt-jobs-1736112?utm_source=jobSearch&utm_medium=website&utm_content=jobSearch_1736112&utm_campaign=ROZEE.PK_job_search&utm_term=undefined,Ninja Softs (PVT) Limited,//www.rozee.pk/company/ninja-softs-pvt-limited,Multiple Cities,N/A,692 views,Posted 6 days ago,Null,"HTML5, CSS3, WP, WooCommerce, MySQL, Jquery",Information Technology,Software & Web Development,1 Post,First Shift (Day),Full Time/Permanent,"Islamabad, Gujranwala, Lahore, Rawalpindi, Gujrat, Kharian, Wah Cantt, Lalamusa",No Preference,Bachelors,Experienced Professional,N/A,"Nov 08, 2025","Oct 23, 2025"
Rawalpindi,Sales Officer,https://www.rozee.pk/prism-consulting-pvt-ltd-sales-officer-lahore-rawalpindi-sargodha-jobs-1727502?utm_source=jobSearch&utm_medium=website&utm_content=jobSearch_1727502&utm_campaign=ROZEE.PK_job_search&utm_term=undefined,Prism Consulting Pvt Ltd,//www.rozee.pk/company/prism-consulting-pvt-ltd,Multiple Cities,"PKR. 50,000 - 60,000/Month",1727 views,"Posted Oct 20, 2025",Null,"Communication Skills, Trade Negotiation, Customer Acquisition Skills, Retail Sales, B2B Business Development, Chemical Sales, Sales Channel Development",Consultants,Sales & Business Development,3 Posts,First Shift (Day),Full Time/Permanent,"Lahore, Rawalpindi, Sargodha",No Preference,Bachelors,Experienced Professional,"2 Years (Chemicals Sales ( used for furniture, construction and packaging material))","Nov 21, 2025","Oct 20, 2025"
Rawalpindi,Finance Officer,https://www.rozee.pk/finance-officer-rawalpindi-jobs-1741798?utm_source=jobSearch&utm_medium=website&utm_content=jobSearch_1741798&utm_campaign=ROZEE.PK_job_search&utm_term=undefined,MedAsk Pvt,javascript:;,Rawalpindi,"PKR. 70,000 - 70,000/Month",39 views,Posted 8 hours ago,Null,"Accounting Principles, Financial Reporting Standards, Audit Requirements, MS Excel, Financial/accounting software, Payment Processing, Organizational Skills, Time Management, Communication, Interpersonal Abilities",N/A,N/A,1 Post,First Shift (Day),First Shift (Day),Rawalpindi,No Preference,Master,Entry Level,N/A,"Nov 29, 2025","Oct 29, 2025"
Rawalpindi,Customer Service and Admin Officer,https://www.rozee.pk/customer-service-and-admin-officer-rawalpindi-jobs-1741744?utm_source=jobSearch&utm_medium=website&utm_content=jobSearch_1741744&utm_campaign=ROZEE.PK_job_search&utm_term=undefined,Think Higher Consultants,javascript:;,Rawalpindi,"PKR. 50,000 - 50,000/Month",45 views,Posted 8 hours ago,Null,"Customer Service, Administrative Support, Clerical Tasks, Ms Word, MS Office, Communication Skills, Organizational Skills, Time Management, Multitasking",N/A,N/A,1 Post,First Shift (Day),First Shift (Day),Rawalpindi,No Preference,Bachelors,Entry Level,N/A,"Nov 29, 2025","Oct 29, 2025"
Rawalpindi,Product Returns Associate,https://www.rozee.pk/product-returns-associate-rawalpindi-jobs-1741696?utm_source=jobSearch&utm_medium=website&utm_content=jobSearch_1741696&utm_campaign=ROZEE.PK_job_search&utm_term=undefined,Metropolitan Warehouse Delivery,javascript:;,Rawalpindi,"PKR. 70,000 - 70,000/Month",16 views,Posted 9 hours ago,Null,"Reverse Logistics, Supply Chain Operations, Microsoft Excel, English Communication, Warehousing processes, Inventory Management",N/A,N/A,1 Post,First Shift (Day),First Shift (Day),Rawalpindi,No Preference,Bachelors,Entry Level,N/A,"Nov 29, 2025","Oct 29, 2025"
Rawalpindi,Front Desk and Admin Coordinator - Night Shift,https://www.rozee.pk/front-desk-and-admin-coordinator-night-shift-rawalpindi-jobs-1741556?utm_source=jobSearch&utm_medium=website&utm_content=jobSearch_1741556&utm_campaign=ROZEE.PK_job_search&utm_term=undefined,CBRE,javascript:;,Rawalpindi,N/A,25 views,Posted 9 hours ago,Null,"Customer Service, Communication Skills, Microsoft Office (Word, Excel, Outlook), Organizational Skills, Clerical and administrative tasks, Reception Management, Problem Solving, Time Management",N/A,N/A,1 Post,First Shift (Day),First Shift (Day),Rawalpindi,No Preference,Bachelors,Entry Level,N/A,"Nov 29, 2025","Oct 29, 2025"
Rawalpindi,3D Visualiser,https://www.rozee.pk/work-together-3d-visualiser-rawalpindi-jobs-1741528?utm_source=jobSearch&utm_medium=website&utm_content=jobSearch_1741528&utm_campaign=ROZEE.PK_job_search&utm_term=undefined,Work Together,//www.rozee.pk/company/work-together,Rawalpindi,"PKR. 50,000 - 80,000/Month",26 views,Posted 10 hours ago,Null,"Interior Works, Enscape, D5, Sketchup, Lumion, 3D Visualization",Recruitment / Employment Firms,Architects & Construction,1 Post,First Shift (Day),Full Time/Permanent,Rawalpindi,No Preference,Diploma,Experienced Professional,N/A,"Nov 29, 2025","Oct 29, 2025"
Rawalpindi,Senior Accountant,https://www.rozee.pk/latimer-accounting-senior-accountant-islamabad-rawalpindi-jobs-1741524?utm_source=jobSearch&utm_medium=website&utm_content=jobSearch_1741524&utm_campaign=ROZEE.PK_job_search&utm_term=undefined,Latimer Accounting,//www.rozee.pk/company/latimer-accounting,Multiple Cities,"PKR. 100,000 - 125,000/Month",174 views,Posted 10 hours ago,Null,"Financial Statements, Reconciliation, Accounts  Administration, Taxation",N/A,"Accounts, Finance & Financial Services",1 Post,First Shift (Day),Full Time/Permanent,"Islamabad, Rawalpindi",No Preference,Bachelors,Experienced Professional,2 Years,"Nov 30, 2025","Oct 29, 2025"
Islamabad,Senior WordPress Developer,https://www.rozee.pk/ninja-softs-pvt-limited-senior-wordpress-developer-islamabadlahorerawalpindigujranwalagujratkharianlalamusawah-cantt-jobs-1736112?utm_source=jobSearch&utm_medium=website&utm_content=jobSearch_1736112&utm_campaign=ROZEE.PK_job_search,Ninja Softs (PVT) Limited,//www.rozee.pk/company/ninja-softs-pvt-limited,Multiple Cities,N/A,852 views,"Posted Oct 23, 2025",Null,"HTML5, CSS3, WP, WooCommerce, MySQL, Jquery",Information Technology,Software & Web Development,1 Post,First Shift (Day),Full Time/Permanent,"Islamabad, Gujranwala, Lahore, Rawalpindi, Gujrat, Kharian, Wah Cantt, Lalamusa",No Preference,Bachelors,Experienced Professional,N/A,"Nov 08, 2025","Oct 23, 2025"
Islamabad,Cashier,https://www.rozee.pk/cashier-islamabad-jobs-1743336?utm_source=jobSearch&utm_medium=website&utm_content=jobSearch_1743336&utm_campaign=ROZEE.PK_job_search,Fun City,javascript:;,Islamabad,N/A,88 views,Posted 6 hours ago,Null,"Cash Handling, Customer Service, POS System Operation, Sales Reconciliation, Training and Supervision, Communication Skills, Organizational Skills, Report Preparation, Complaint Handling, Ticketing operations",N/A,N/A,1 Post,First Shift (Day),First Shift (Day),Islamabad,No Preference,Bachelors,Entry Level,N/A,"Nov 30, 2025","Oct 30, 2025"
Islamabad,Sales Executive,https://www.rozee.pk/sales-executive-islamabad-jobs-1743318?utm_source=jobSearch&utm_medium=website&utm_content=jobSearch_1743318&utm_campaign=ROZEE.PK_job_search,Expert tutors,javascript:;,Islamabad,"PKR. 25,000 - 25,000/Month",11 views,Posted 6 hours ago,Null,"Sales, Communication, Verbal and Written English, Client Engagement, Relationship Building, Goal-Driven, Self-Motivated",N/A,N/A,1 Post,First Shift (Day),First Shift (Day),Islamabad,No Preference,Bachelors,Entry Level,N/A,"Nov 30, 2025","Oct 30, 2025"
Islamabad,Video Editor & AI Video Generation Specialist,https://www.rozee.pk/video-editor-ai-video-generation-specialist-islamabad-jobs-1743310?utm_source=jobSearch&utm_medium=website&utm_content=jobSearch_1743310&utm_campaign=ROZEE.PK_job_search,Meta Group,javascript:;,Islamabad,"PKR. 20,000 - 20,000/Month",12 views,Posted 6 hours ago,Null,"Pika, AI Voice and Image Generation, Cinematic Lighting, LUTs, Color Grading, Localization, Subtitle creation, Voiceover syncing, Project Management, Storytelling, Prompt Writing for AI, Gen-2, Video Editing, runway, Veo3, AI tools: Sora, Animated Video Production, Motion Graphics, DaVinci Resolve, Final Cut Pro, After Effects, Adobe Premiere Pro, Ai video generation",N/A,N/A,1 Post,First Shift (Day),"We are looking for a talented Video Editor with at least two years of professional experience in both traditional and AI-enhanced video editing. The ideal candidate will have a strong ability to create high-quality video content across various formats, including long-form videos, short social media clips, podcast edits, and animated explainers. Experience with AI video generation tools such as Sora, Veo3, Runway, and Pika is highly desirable. This fully remote role offers the opportunity to work on innovative projects while collaborating closely with creative and marketing teams to deliver engaging visual stories.Key Responsibilities- Edit and produce video content tailored for platforms like YouTube, Instagram, TikTok, and podcasts.  - Create cinematic sequences by integrating B-roll footage, smooth transitions, and sound design elements.  - Repurpose long-form videos into engaging short clips optimized for social media engagement.  - Design and animate visual components to enhance storytelling and viewer engagement.  - Utilize AI video generation tools to develop original and innovative content.  - Develop detailed prompts for AI models to generate specific visual effects and outcomes.  - Collaborate with creative, marketing, and content teams to ensure brand consistency across all video materials.  - Stay updated on the latest trends in video editing, AI technologies, and visual storytelling techniques.Required Qualifications- Minimum of two years of professional experience in video editing.  - Proficiency with industry-standard software such as Adobe Premiere Pro, After Effects, Final Cut Pro, or DaVinci Resolve.  - A strong portfolio showcasing cinematic and emotionally impactful video edits.  - Experience in motion graphics and animated video production.  - Familiarity with AI video generation platforms including Sora, Veo3, Runway, Pika, and Gen-2.  - Ability to write clear and effective prompts for AI-generated visuals.  - Excellent storytelling skills with a keen sense of pacing and composition.  - Ability to independently manage multiple projects and meet tight deadlines.Preferred Qualifications and BenefitsCandidates with experience editing content in industries such as medical aesthetics, real estate, fashion, or e-commerce will have an advantage. Additional skills in voiceover syncing, subtitle creation, and localization are beneficial. Knowledge of color grading, LUTs, and cinematic lighting techniques is also valued. Familiarity with AI voice and image generation tools will be considered a plus.This position provides the chance to contribute to cutting-edge projects across diverse sectors while working with a creative team passionate about storytelling and technology. The role is fully remote, offering flexibility and the opportunity to shape the future of AI-driven video production.Job Type: Full-time  Compensation: Rs20,000 - Rs30,000 per month  Experience:  - Video Editing: Minimum 2 years (Preferred)  - AI Video Generation: Minimum 1 year (Preferred)/Skills 
                                            
                                                            
                                                                                                                                                                                                      
                                                                        Pika
                                                                    
                                                                                                                                                                                                       
                                                                        AI Voice and Image Generation
                                                                    
                                                                                                                                                                                                       
                                                                        Cinematic Lighting
                                                                    
                                                                                                                                                                                                       
                                                                        LUTs
                                                                    
                                                                                                                                                                                                       
                                                                        Color Grading
                                                                    
                                                                                                                                                                                                       
                                                                        Localization
                                                                    
                                                                                                                                                                                                       
                                                                        Subtitle creation
                                                                    
                                                                                                                                                                                                       
                                                                        Voiceover syncing
                                                                    
                                                                                                                                                                                                       
                                                                        Project Management
                                                                    
                                                                                                                                                                                                       
                                                                        Storytelling
                                                                    
                                                                                                                                                                                                       
                                                                        Prompt Writing for AI
                                                                    
                                                                                                                                                                                                       
                                                                        Gen-2
                                                                    
                                                                                                                                                                                                       
                                                                        Video Editing
                                                                    
                                                                                                                                                                                                       
                                                                        runway
                                                                    
                                                                                                                                                                                                       
                                                                        Veo3
                                                                    
                                                                                                                                                                                                       
                                                                        AI tools: Sora
                                                                    
                                                                                                                                                                                                       
                                                                        Animated Video Production
                                                                    
                                                                                                                                                                                                       
                                                                        Motion Graphics
                                                                    
                                                                                                                                                                                                       
                                                                        DaVinci Resolve
                                                                    
                                                                                                                                                                                                       
                                                                        Final Cut Pro
                                                                    
                                                                                                                                                                                                       
                                                                        After Effects
                                                                    
                                                                                                                                                                                                       
                                                                        Adobe Premiere Pro
                                                                    
                                                                                                                                                                                                       
                                                                        Ai video generation/Job Details
                                                                                                        
                                                            
                                                            
                                                                                                                                                                            
                                                            
                                                                
    
                                                                    Total Positions:
                                                                
                                                                
                                                                    1 Post
                                                                
    
                                                            
                                                            
                                                                                                                
                                                                
    
                                                                    Job Shift:
                                                                
                                                                
                                                                    First Shift (Day)
    
                                                                
    
                                                            
                                                            
                                                                                                                    
                                                                
                                                                    Job Type:
                                                                
                                                                 First Shift (Day)
                                                            
                                                            
                                                            
                                                                                                           
                                                            
                                                                
                                                                                                                                         Job Location:
                                                                                                                                    
                                                                
                                                                                                                                            
                                                                                                                                                                                                                                                                                                            Islamabad,
                                                                                                                                                                                                                                                                                            Pakistan
                                                                
                                                            
                                                        
                                                        

            
                                                            
                                                            
                                                                                                                    
                                                                
                                                                    Gender:
                                                                
                                                                
                                                                    No Preference
    
                                                                
                                                            
    
                                                                
                                                                
                                                                                                                        
                                                                                                                                                                                    
                                                                    
                                                                        Age:
                                                                    
                                                                    
                                                                        18 - 65 Years
                                                                    
                                                                
                                                                                                                        
                                                                                                                    
                                                                
    
                                                                    Minimum Education:
                                                                
                                                                
                                                                    Bachelors
                                                                
    
                                                            
                                                                                                                                                                                                                                    
                                                                
    
                                                                    Career Level:
                                                                
                                                                
                                                                    Entry Level
                                                                
    
                                                            
                                                                                                                
                                                                                                                                                                                    
                                                                    
                                                                        Maximum Experience:
                                                                    
                                                                    
                                                                        2 Years
                                                                    
                                                                
                                                                                                                    
                                                                                                            
                                                        
    
    
                                                                                                                                                                            
                                                            
                                                            
                                                            
                                                            
                                                            
                                                                
    
                                                                    Apply Before:
                                                                
                                                                
                                                                    Nov 30, 2025
                                                                
    
                                                            
                                                            
                                                            
                                                            
                                                                
    
                                                                    Posting Date:
                                                                
                                                                
                                                                    Oct 30, 2025/First Shift (Day)/Islamabad/Pakistan",Islamabad,No Preference,Bachelors,Entry Level,N/A,"Nov 30, 2025","Oct 30, 2025"
Islamabad,SEO Internship,https://www.rozee.pk/seo-internship-islamabad-jobs-1743304?utm_source=jobSearch&utm_medium=website&utm_content=jobSearch_1743304&utm_campaign=ROZEE.PK_job_search,Talent Root Technologies,javascript:;,Islamabad,PKR. 50 - 50/Month,11 views,Posted 6 hours ago,Null,"SEO concepts, On-Page SEO, Off-Page SEO, Technical SEO, Keyword Research, Google Search Console, Google Analytics, SEO software, Written Communication, Verbal Communication, Team Collaboration, Adaptability",N/A,N/A,1 Post,First Shift (Day),Internship,Islamabad,No Preference,Bachelors,Entry Level,N/A,"Nov 30, 2025","Oct 30, 2025"
Islamabad,Executive / Administrative Assistant,https://www.rozee.pk/propact-global-executive-administrative-assistant-islamabad-jobs-1741058?utm_source=jobSearch&utm_medium=website&utm_content=jobSearch_1741058&utm_campaign=ROZEE.PK_job_search,Propact Global,//www.rozee.pk/company/propact-global,Islamabad,"PKR. 50,000 - 80,000/Month",252 views,Posted 2 days ago,Null,"Data Administration, C Level Executive Support, Executive Administrative Assistance, Executive Level Presentation Skills, Diary Management, Executive Calendar Management, Meeting Scheduling, Coordinating Events, Admin Assistantce, Admin Task Planning, Administrative Management, Project Administration",Accounting / Taxation,Administration,1 Post,Hybrid Work Model,Full Time/Permanent,Islamabad,Female,Bachelors,Experienced Professional,N/A,"Nov 29, 2025","Oct 28, 2025"
Islamabad,Deputy Manager – Finance,https://www.rozee.pk/deputy-manager-%e2%80%93-finance-islamabad-jobs-1743268?utm_source=jobSearch&utm_medium=website&utm_content=jobSearch_1743268&utm_campaign=ROZEE.PK_job_search,Anatolia Travel Services,javascript:;,Islamabad,"PKR. 125,000 - 125,000/Month",26 views,Posted 6 hours ago,Null,"Financial Reporting, Budgeting, Taxation, MS Excel, QuickBooks, ERP Systems, Financial Analysis, Leadership, Accounting Software, Financial Management",N/A,N/A,1 Post,First Shift (Day),First Shift (Day),Islamabad,No Preference,Bachelors,Mid-Level,N/A,"Nov 30, 2025","Oct 30, 2025"
Islamabad,Office boy,https://www.rozee.pk/office-boy-islamabad-jobs-1743266?utm_source=jobSearch&utm_medium=website&utm_content=jobSearch_1743266&utm_campaign=ROZEE.PK_job_search,Honley Engineering,javascript:;,Islamabad,"PKR. 25,000 - 25,000/Month",33 views,Posted 6 hours ago,Null,"hospitality support, Serving tea and coffee, maintaining cleanliness, Meeting room preparation, pantry supply management, Professional and polite demeanor, Punctuality, Responsibility",N/A,N/A,1 Post,First Shift (Day),First Shift (Day),Islamabad,No Preference,N/A,Entry Level,N/A,"Nov 30, 2025","Oct 30, 2025"
Islamabad,Team Lead (In-bound Customer Support),https://www.rozee.pk/team-lead-in-bound-customer-support-islamabad-jobs-1743250?utm_source=jobSearch&utm_medium=website&utm_content=jobSearch_1743250&utm_campaign=ROZEE.PK_job_search,Abacus Outsourcing,javascript:;,Islamabad,"PKR. 70,000 - 70,000/Month",5 views,Posted 7 hours ago,Null,"Leadership, Problem-Solving, People-management, Communication, Organizational Skills, Knowledge of contact center operations, Proficiency In Microsoft Excel, Team Supervision, Performance Management, Social media trends and tools knowledge",N/A,N/A,1 Post,First Shift (Day),First Shift (Day),Islamabad,No Preference,Bachelors,Entry Level,N/A,"Nov 30, 2025","Oct 30, 2025"
Islamabad,Auditor,https://www.rozee.pk/auditor-islamabad-jobs-1743232?utm_source=jobSearch&utm_medium=website&utm_content=jobSearch_1743232&utm_campaign=ROZEE.PK_job_search,Sheikh Saleem Group Of Companies,javascript:;,Islamabad,"PKR. 80,000 - 80,000/Month",20 views,Posted 7 hours ago,Null,"Internal Auditing, Financial accuracy evaluation, Operational efficiency analysis, Risk Identification, Process Improvement, Audit Report Preparation, Accounting Standards Compliance, Ms Excel proficiency, Accounting software familiarity, Strong Analytical Skills, Excellent Communication Skills",N/A,N/A,1 Post,First Shift (Day),First Shift (Day),Islamabad,No Preference,Bachelors,Entry Level,N/A,"Nov 30, 2025","Oct 30, 2025"
Islamabad,Email Marketer,https://www.rozee.pk/accotech-email-marketer-islamabad-jobs-1743226?utm_source=jobSearch&utm_medium=website&utm_content=jobSearch_1743226&utm_campaign=ROZEE.PK_job_search,ACCOTech,//www.rozee.pk/company/accotech,Islamabad,"PKR. 70,000 - 100,000/Month",23 views,Posted 7 hours ago,Null,"Email Etiquette, Email Hosting, Email List Generation",Accounting / Taxation,Marketing,1 Post,First Shift (Day),Full Time/Permanent,Islamabad,No Preference,Bachelors,Entry Level,1 Year,"Nov 30, 2025","Oct 30, 2025"
Islamabad,Executive Channel Planning,https://www.rozee.pk/executive-channel-planning-islamabad-jobs-1741768?utm_source=jobSearch&utm_medium=website&utm_content=jobSearch_1741768&utm_campaign=ROZEE.PK_job_search,Zong,javascript:;,Islamabad,N/A,58 views,Posted 7 hours ago,Null,"Communnication Skills, Interpersonal Skills, Problem Solving Skills, Analytical Skills, Strong Business Knowledge, Strong grip on excel and PPTs, Excellent Problem Solving Skills",N/A,N/A,1 Post,First Shift (Day),First Shift (Day),Islamabad,No Preference,Bachelors,Executive,N/A,"Nov 30, 2025","Oct 30, 2025"
Islamabad,Assistant Manager Sales Operations,https://www.rozee.pk/assistant-manager-sales-operations-islamabad-jobs-1741766?utm_source=jobSearch&utm_medium=website&utm_content=jobSearch_1741766&utm_campaign=ROZEE.PK_job_search,Zong,javascript:;,Islamabad,N/A,84 views,Posted 7 hours ago,Null,"Strong Analytical Skills, Takes <br />
  Ownership, Strong <br />
  Follow up Skills, Team <br />
  Management, Effective <br />
  problem Solving Skills, المحاسبة للشركات, Time <br />
  & Stress Management, Well <br />
  versed with sales operation",N/A,N/A,1 Post,First Shift (Day),First Shift (Day),Islamabad,No Preference,Bachelors,Mid-Level,N/A,"Nov 30, 2025","Oct 30, 2025"
Islamabad,Assistant Manager IT - Governance & Security,https://www.rozee.pk/assistant-manager-it-governance-security-islamabad-jobs-1743224?utm_source=jobSearch&utm_medium=website&utm_content=jobSearch_1743224&utm_campaign=ROZEE.PK_job_search,Zong,javascript:;,Islamabad,N/A,6 views,Posted 7 hours ago,Null,"NDR and DAM technologies., Excellent communication skills for collaboration, and problem-solving abilities., Troubleshooting, Strong Analytical, Good knowledge for automations and API, Familiarity with incident response processes and, and endpoint security architecture., database architectures, Understanding of network protocols, Relevant certifications such as CISM, NAC, DLP, Hands-on experience working with PAM, DLP)., EDR, PAM, CISSP certifications or vendor-specific, CCSP, CISA",N/A,N/A,1 Post,First Shift (Day),First Shift (Day),Islamabad,No Preference,Bachelors,Mid-Level,N/A,"Nov 30, 2025","Oct 30, 2025"
Islamabad,Assistant Manager IT - Information Security,https://www.rozee.pk/assistant-manager-it-information-security-islamabad-jobs-1743222?utm_source=jobSearch&utm_medium=website&utm_content=jobSearch_1743222&utm_campaign=ROZEE.PK_job_search,Zong,javascript:;,Islamabad,N/A,5 views,Posted 7 hours ago,Null,"ITIL, المحاسبة للشركات, Ability to work cross-functionally with technical, and communication skills., Problem-Solving, Excellent Analytical, and control design., IT Risk Assessment, Experience in regulatory compliance, NIST)., ISO 27001, Bachelor’s Degree In Information Technology, Strong knowledge of IT frameworks and standards, or IT audit roles., IT Risk Management, Minimum of 5 years’ experience in IT governance, CISSP will be a plus, CGEIT, CISM, Professional certifications such as CISA, Telecom engineering or related field., Computer Science",N/A,N/A,1 Post,First Shift (Day),First Shift (Day),Islamabad,No Preference,Bachelors,Mid-Level,N/A,"Nov 30, 2025","Oct 30, 2025"
Islamabad,Executive International Business,https://www.rozee.pk/executive-international-business-islamabad-jobs-1741762?utm_source=jobSearch&utm_medium=website&utm_content=jobSearch_1741762&utm_campaign=ROZEE.PK_job_search,Zong,javascript:;,Islamabad,N/A,23 views,Posted 7 hours ago,Null,"Goal oriented with focus on deliverable, Able to manage multiple leads at a time., Time Management, self-driven attitude, Ability To Work Independently, المحاسبة للشركات, product configuration, Development, and system configuration.",N/A,N/A,1 Post,First Shift (Day),First Shift (Day),Islamabad,No Preference,Bachelors,Executive,N/A,"Nov 30, 2025","Oct 30, 2025"
Islamabad,Senior Executive Cloud Solutions,https://www.rozee.pk/senior-executive-cloud-solutions-islamabad-jobs-1741760?utm_source=jobSearch&utm_medium=website&utm_content=jobSearch_1741760&utm_campaign=ROZEE.PK_job_search,Zong,javascript:;,Islamabad,N/A,18 views,Posted 7 hours ago,Null,"and disaster recovery services., cloud platform UAT is plus., Databases, Security Services, and other SaaS-based solutions, Storage, Networking, Security, containers services, managed databases, And Other Related Services, Computing, Cloud Native technologies, Containers, Dockers, Kubernetes, Database management (SQL, MySQL, Oracle and etc.) disaster recovery services, and other related cloud services, PAAS, Effective Training and Development Capabilities, Strategic Thinking and Decision-Making Skills, Analytical and problem-solving abilities, Project Management And Coordination Skills, Proficiency in Research & Market Analysis, Example: AWS/Azure, Huawei, SAP, SaaS, المحاسبة للشركات, Google Cloud, Salesforce etc., Excellent Communication, Presentation, and negotiation skills., PaaS and SaaS services, Experience in defining cloud platform branding, Marketing Strategies",N/A,N/A,1 Post,First Shift (Day),First Shift (Day),Islamabad,No Preference,Bachelors,Mid-Level,N/A,"Nov 30, 2025","Oct 30, 2025"
Islamabad,Sales Executive,https://www.rozee.pk/himalya-upvc-windows-door-sales-executive-islamabad-jobs-1743218?utm_source=jobSearch&utm_medium=website&utm_content=jobSearch_1743218&utm_campaign=ROZEE.PK_job_search,Himalaya uPVC Doors and Windows,//www.rozee.pk/company/himalaya-upvc-doors-and-windows1,Islamabad,N/A,12 views,Posted 7 hours ago,Null,"Communication Skills, Target Orientation Skills, Aftersales, MS Excel, Marketing Management, Telemarketing  Skills, AutoCAD Design Software",Construction / Cement / Metals,Sales & Business Development,4 Posts,First Shift (Day),Full Time/Permanent,Islamabad,No Preference,Bachelors,Experienced Professional,2 Years,"Nov 30, 2025","Oct 30, 2025"
Islamabad,Business Development Executive,https://www.rozee.pk/ninja-softs-pvt-limited-business-development-executive-jobs-1742336?utm_source=jobSearch&utm_medium=website&utm_content=jobSearch_1742336&utm_campaign=ROZEE.PK_job_search,Ninja Softs (PVT) Limited,//www.rozee.pk/company/ninja-softs-pvt-limited,Multiple Cities,N/A,96 views,Posted 7 hours ago,Null,"Fluent In English, Digital Business Development, Business Development Strategies, Lead Genaration Skills, B2B Business Development, Building Business Relationship, Sales Operations",Information Technology,Sales & Business Development,1 Post,Work from Home,Full Time/Permanent,"Islamabad, Gujranwala, Lahore, Rawalpindi, Gujrat, Jhelum, Kharian, Mirpur  (AJK)",No Preference,Bachelors,Entry Level,1 Year (International Sales experience of Digital services will be preferred.),"Nov 13, 2025","Oct 30, 2025"
Islamabad,Chief of Staff / Operations / Marketing Lead,https://www.rozee.pk/it-company-chief-of-staff-operations-marketing-lead-jobs-1743168?utm_source=jobSearch&utm_medium=website&utm_content=jobSearch_1743168&utm_campaign=ROZEE.PK_job_search,IT Company,//www.rozee.pk/company/it-company,Multiple Cities,"PKR. 100,000 - 125,000/Month",68 views,Posted 7 hours ago,Null,"Communion   Skills, Operating Efficiencies, Leadership Management, Marketing Strategie",Information Technology,Operations,1 Post,Work from Home,Full Time/Permanent,"Islamabad, Karachi, Lahore",No Preference,Bachelors,Experienced Professional,2 Years,"Nov 30, 2025","Oct 30, 2025"
Islamabad,Accountant,https://www.rozee.pk/accountant-islamabad-jobs-1743174?utm_source=jobSearch&utm_medium=website&utm_content=jobSearch_1743174&utm_campaign=ROZEE.PK_job_search,Onestop Professional Services Pte,javascript:;,Islamabad,"PKR. 60,000 - 60,000/Month",54 views,Posted 7 hours ago,Null,"Bookkeeping, English Fluency, Attention to Detail, Analytical Skills, Microsoft Excel, QuickBooks, MYOB, Xero, GST submissions, Tax Computations, full set of accounts management, Expense Tracking, Budgeting, Financial Reporting, Month-end and year-end closing, Bank Reconciliations, General Ledger Maintenance, Accounts Receivable, Accounts Payable",N/A,N/A,1 Post,First Shift (Day),First Shift (Day),Islamabad,No Preference,Bachelors,Entry Level,N/A,"Nov 30, 2025","Oct 30, 2025"
Islamabad,Content Writer,https://www.rozee.pk/accotech-content-writer-islamabad-jobs-1743162?utm_source=jobSearch&utm_medium=website&utm_content=jobSearch_1743162&utm_campaign=ROZEE.PK_job_search&utm_term=undefined,ACCOTech,//www.rozee.pk/company/accotech,Islamabad,"PKR. 70,000 - 100,000/Month",28 views,Posted 7 hours ago,Null,"Cost Accounting Standards, Under Writing Skills, Creative Writing",Accounting / Taxation,Writer,1 Post,First Shift (Day),Full Time/Permanent,Islamabad,No Preference,Bachelors,Experienced Professional,2 Years,"Nov 30, 2025","Oct 30, 2025"
Islamabad,Italian Translator,https://www.rozee.pk/f-and-s-global-private-limited-italian-translator-islamabad-rawalpindi-jobs-1743142?utm_source=jobSearch&utm_medium=website&utm_content=jobSearch_1743142&utm_campaign=ROZEE.PK_job_search&utm_term=undefined,F and S Global Private Limited,//www.rozee.pk/company/f-and-s-global-private-limited,Multiple Cities,"PKR. 45,000 - 50,000/Month",38 views,Posted 8 hours ago,Null,"Confidential Documents Handling, Close Attention to Detail, Bilingual Communication Skills, Time Management",Travel/Tourism/Transportation,Client Services & Customer Support,1 Post,First Shift (Day),Full Time/Permanent,"Islamabad, Rawalpindi",No Preference,Bachelors,Entry Level,1 Year,"Nov 30, 2025","Oct 30, 2025"
Islamabad,MERN Stack Developer,https://www.rozee.pk/accotech-mern-stack-developer-islamabad-jobs-1743130?utm_source=jobSearch&utm_medium=website&utm_content=jobSearch_1743130&utm_campaign=ROZEE.PK_job_search&utm_term=undefined,ACCOTech,//www.rozee.pk/company/accotech,Islamabad,"PKR. 150,000 - 400,000/Month",22 views,Posted 8 hours ago,Null,"Backend Development, Bubble Wrap, MySQL",Accounting / Taxation,Software & Web Development,2 Posts,First Shift (Day),Full Time/Permanent,Islamabad,No Preference,Bachelors,Experienced Professional,3 Years,"Nov 30, 2025","Oct 30, 2025"
Islamabad,Fee Recovery Officer,https://www.rozee.pk/roots-international-schools-fee-recovery-officer-islamabad-jobs-1743126?utm_source=jobSearch&utm_medium=website&utm_content=jobSearch_1743126&utm_campaign=ROZEE.PK_job_search&utm_term=undefined,Roots International Schools,//www.rozee.pk/company/roots-international-schools,Islamabad,"PKR. 80,000 - 100,000/Month",99 views,Posted 8 hours ago,Null,"Corporate Recovery, Recovery Planning, Communication Skills",Education/Training,Administration,1 Post,First Shift (Day),Full Time/Permanent,Islamabad,Female,Masters,Experienced Professional,3 Years,"Jan 31, 2026","Oct 30, 2025"
Islamabad,Relationship Executive,https://www.rozee.pk/united-bank-limited-ubl-relationship-executive-all-cities-jobs-1742118?utm_source=jobSearch&utm_medium=website&utm_content=jobSearch_1742118&utm_campaign=ROZEE.PK_job_search&utm_term=undefined,United Bank Limited (UBL),//www.rozee.pk/company/united-bank-limited-ubl,All Cities,N/A,4655 views,Posted 8 hours ago,Null,"Branch Support., Google Ads Planning, Manage Client Relationships, Client Acquisition Skills",Banking/Financial Services,Client Services & Customer Support,1 Post,First Shift (Day),Full Time/Permanent,All Cities,Male,Intermediate/A-Level,Entry Level,N/A,"Jan 30, 2026","Oct 30, 2025"
Islamabad,Education Counsellor / Agent,https://www.rozee.pk/direct-assist-pvt-ltd-education-counsellor-agent-islamabad-jobs-1743122?utm_source=jobSearch&utm_medium=website&utm_content=jobSearch_1743122&utm_campaign=ROZEE.PK_job_search&utm_term=undefined,Direct Assist Pvt Ltd,//www.rozee.pk/company/direct-assist-pvt-ltd,Islamabad,N/A,17 views,Posted 8 hours ago,Null,"Student Affairs Handling, Student Counseling, Admissions Counseling, Communication Skills, Educational Evaluations, Career Counseling, Educational Consultncy",Accounting / Taxation,Sales & Business Development,1 Post,First Shift (Day),Full Time/Permanent,Islamabad,No Preference,Intermediate/A-Level,Experienced Professional,2 Years,"Nov 30, 2025","Oct 30, 2025"
Islamabad,"Sr. Specialist, Revenue Execution",https://www.rozee.pk/sr-specialist-revenue-execution-islamabad-jobs-1743146?utm_source=jobSearch&utm_medium=website&utm_content=jobSearch_1743146&utm_campaign=ROZEE.PK_job_search&utm_term=undefined,SP Global,javascript:;,Islamabad,N/A,6 views,Posted 8 hours ago,Null,"Revenue execution, Customer retention framework, Account Planning, Billing coordination, Renewal negotiations, Market and competitor analysis, Revenue Forecasting, Salesforce, Excel, PowerPoint, Client-facing experience, Retention and negotiation, Strong communication and influencing skills, Critical thinking and problem-solving, Self-Starter, Continuous Improvement",N/A,N/A,1 Post,First Shift (Day),First Shift (Day),Islamabad,No Preference,Bachelors,Entry Level,N/A,"Nov 30, 2025","Oct 30, 2025"
Islamabad,Junior AI Developer,https://www.rozee.pk/accotech-junior-ai-developer-islamabad-jobs-1743112?utm_source=jobSearch&utm_medium=website&utm_content=jobSearch_1743112&utm_campaign=ROZEE.PK_job_search&utm_term=undefined,ACCOTech,//www.rozee.pk/company/accotech,Islamabad,"PKR. 100,000 - 150,000/Month",10 views,Posted 8 hours ago,Null,"AI Engineering, A.i Developer, Developer",Accounting / Taxation,Artificial Intelligence (AI),1 Post,First Shift (Day),Full Time/Permanent,Islamabad,No Preference,Bachelors,Entry Level,N/A,"Nov 30, 2025","Oct 30, 2025"
Islamabad,Deputy Director Finance (Fin Dte),https://www.rozee.pk/deputy-director-finance-fin-dte-islamabad-jobs-1743102?utm_source=jobSearch&utm_medium=website&utm_content=jobSearch_1743102&utm_campaign=ROZEE.PK_job_search&utm_term=undefined,NUST,javascript:;,Islamabad,N/A,18 views,Posted 8 hours ago,Null,"Financial Reporting, Audit Coordination, Taxation, Financial Management, Month-end close process, Statutory Compliance, Team Leadership, ERP systems (preferably Odoo), Analytical Skills, Presentation Skills, Problem-Solving, Communication and Coordination",N/A,N/A,1 Post,First Shift (Day),First Shift (Day),Islamabad,No Preference,N/A,Manager,N/A,"Nov 30, 2025","Oct 30, 2025"
Islamabad,Intermediate/Senior Software Developer,https://www.rozee.pk/intermediatesenior-software-developer-islamabad-jobs-1743094?utm_source=jobSearch&utm_medium=website&utm_content=jobSearch_1743094&utm_campaign=ROZEE.PK_job_search&utm_term=undefined,Contour Software,javascript:;,Islamabad,N/A,29 views,Posted 8 hours ago,Null,"Reactjs, Swagger/NSwag, SQL Server, MAUI, Progressive Web Apps (PWA), Ionic, Cordova, Agile/Scrum, TypeScript, Vanilla Javascript, Object-oriented programming, C, #.Net MVC, .NET WebForms 4.8, .Net Framework, less/scss, CSS3, HTML5",N/A,N/A,1 Post,First Shift (Day),First Shift (Day),Islamabad,No Preference,Bachelors,Manager,N/A,"Nov 30, 2025","Oct 30, 2025"
Islamabad,Climate Change Advisor,https://www.rozee.pk/climate-change-advisor-islamabad-jobs-1743090?utm_source=jobSearch&utm_medium=website&utm_content=jobSearch_1743090&utm_campaign=ROZEE.PK_job_search&utm_term=undefined,Save the Children,javascript:;,Islamabad,N/A,21 views,Posted 8 hours ago,Null,"Climate Change Adaptation and Mitigation, Program Management, Technical Guidance, Capacity Building, Climate Resilience, Strategy Development, Fundraising, Donor Engagement, Monitoring and Evaluation, Report Writing, Partnership Building, Fluency In English, Knowledge of local languages, Work with government bodies and NGOs, Environmental and social risk mitigation, policy engagement",N/A,N/A,1 Post,First Shift (Day),First Shift (Day),Islamabad,No Preference,N/A,Entry Level,N/A,"Nov 30, 2025","Oct 30, 2025"
Islamabad,Senior Cybersecurity Operations Engineering Manager,https://www.rozee.pk/senior-cybersecurity-operations-engineering-manager-islamabad-jobs-1743050?utm_source=jobSearch&utm_medium=website&utm_content=jobSearch_1743050&utm_campaign=ROZEE.PK_job_search&utm_term=undefined,Careem,javascript:;,Islamabad,N/A,2 views,Posted 8 hours ago,Null,"Network Security, EDR, Threat Detection, Threat Intelligence, Cross-functional Collaboration, Machine Learning, AI, Cloud Security, Threat Intelligence Platforms, Cyber Fusion Center, SOAR platforms, Cybersecurity, Team Leadership, Threat Hunting, Security Operations Center, Security Operations, Incident Response, SIEM, Orchestration, Automation",N/A,N/A,1 Post,First Shift (Day),First Shift (Day),Islamabad,No Preference,N/A,Manager,N/A,"Nov 30, 2025","Oct 30, 2025"
Islamabad,Administrative Coordinator,https://www.rozee.pk/administrative-coordinator-islamabad-jobs-1743018?utm_source=jobSearch&utm_medium=website&utm_content=jobSearch_1743018&utm_campaign=ROZEE.PK_job_search&utm_term=undefined,Secours Islamique,javascript:;,Islamabad,N/A,48 views,Posted 8 hours ago,Null,"Management Skills, Writing Skills, Contextual Analysis, Security Management, Humanitarian settings knowledge, Project Cycle Management, Relevant IT tools proficiency, Finance and accounting procedures, Budget Preparation, Cash Management, Bank Reconciliation, Recruitment and Onboarding, Performance Management, English Fluency",N/A,N/A,1 Post,First Shift (Day),First Shift (Day),Islamabad,Male,Diploma,Entry Level,N/A,"Nov 30, 2025","Oct 30, 2025"
Islamabad,"Monitoring, Evaluation and Learning Coordinator: Pakistan and Bangladesh - RSH Programme",https://www.rozee.pk/monitoring-evaluation-and-learning-coordinator-pakistan-and-bangladesh-rsh-programme-islamabad-jobs-1743004?utm_source=jobSearch&utm_medium=website&utm_content=jobSearch_1743004&utm_campaign=ROZEE.PK_job_search&utm_term=undefined,Safeguarding Resource and Support Hub RSH,javascript:;,Islamabad,N/A,7 views,Posted 8 hours ago,Null,"Monitoring, Evaluation, and Learning, MEL Frameworks, Quantitative Methodologies, Qualitative methodologies, Data Management, Reporting Tools, Excel, Power BI, KOBO, data collection coordination, Communication, adaptation of MEL tools, working in Pakistan and/or Bangladesh, English Fluency",N/A,N/A,1 Post,First Shift (Day),First Shift (Day),Islamabad,No Preference,Bachelors,Entry Level,N/A,"Nov 30, 2025","Oct 30, 2025"
Islamabad,Social Media Manager,https://www.rozee.pk/executive-search-social-media-manager-jobs-1742988?utm_source=jobSearch&utm_medium=website&utm_content=jobSearch_1742988&utm_campaign=ROZEE.PK_job_search&utm_term=undefined,Executive Search,//www.rozee.pk/company/executive-search,Multiple Cities,N/A,21 views,Posted 8 hours ago,Null,"Team Leadership, social media trend, Lead Generation Strategies, optimize paid ad campaigns, A/B Testing",N/A,N/A,1 Post,N/A,Full Time/Permanent,"Islamabad, Rawalpindi",No Preference,N/A,N/A,3 Years,"Dec 01, 2025","Oct 30, 2025"
Islamabad,Sales Executive,https://www.rozee.pk/client-summit-sales-executive-islamabad-rawalpindi-jobs-1742868?utm_source=jobSearch&utm_medium=website&utm_content=jobSearch_1742868&utm_campaign=ROZEE.PK_job_search&utm_term=undefined,CLIENT SUMMIT,//www.rozee.pk/company/client-summit,Multiple Cities,"PKR. 80,000 - 400,000/Month",19 views,Posted 10 hours ago,Null,"Communication Skills, Sales Operations, Sales Management, Sales Automation",Real Estate/Property,Sales & Business Development,10 Posts,Third Shift (Night),Full Time/Permanent,"Islamabad, Rawalpindi",Male,Bachelors,Entry Level,Less than 1 Year (NA),"Nov 29, 2025","Oct 30, 2025"
Islamabad,Hair Stylist,https://www.rozee.pk/mr-farrukh-salon-hair-stylist-islamabad-jobs-1742884?utm_source=jobSearch&utm_medium=website&utm_content=jobSearch_1742884&utm_campaign=ROZEE.PK_job_search&utm_term=undefined,Mr Farrukh Salon,//www.rozee.pk/company/mr-farrukh-salon,Islamabad,N/A,3 views,Posted 10 hours ago,Null,"Blow Dry, Hair Color, Hair Styling, All Skills Related To Hairs",N/A,Operations,1 Post,First Shift (Day),Full Time/Permanent,Islamabad,Female,Certification,Experienced Professional,5 Years,"Nov 30, 2025","Oct 30, 2025"
Islamabad,GIS Expert,https://www.rozee.pk/kenta-gis-expert-islamabad-faisalabad-karachi-lahore-multan-jobs-1742922?utm_source=jobSearch&utm_medium=website&utm_content=jobSearch_1742922&utm_campaign=ROZEE.PK_job_search&utm_term=undefined,Kenta,//www.rozee.pk/company/kenta,Multiple Cities,N/A,26 views,Posted 10 hours ago,Null,"GIS, QGIS, Familiarity With Python Or R For Geospatial",N/A,Operations,1 Post,First Shift (Day),Full Time/Permanent,"Islamabad, Faisalabad, Karachi, Lahore, Multan",No Preference,Diploma,Entry Level,1 Year,"Dec 01, 2025","Oct 30, 2025"
Islamabad,Null,https://www.rozee.pk/nrsp-microfinance-bank-limited-officer-adc-operations-islamabad-jobs-1741954?utm_source=jobSearch&utm_medium=website&utm_content=jobSearch_1741954&utm_campaign=ROZEE.PK_job_search&utm_term=undefined,Null,Null,Null,N/A,Null,Null,Null,Null,N/A,N/A,N/A,N/A,N/A,N/A,N/A,N/A,N/A,N/A,N/A,N/A
Islamabad,Chef,https://www.rozee.pk/professional-employers-pvt-ltd-chef-islamabad-jobs-1742936?utm_source=jobSearch&utm_medium=website&utm_content=jobSearch_1742936&utm_campaign=ROZEE.PK_job_search&utm_term=undefined,Professional Employers (Pvt) Ltd,//www.rozee.pk/company/professional-employers-pvt-ltd1,Islamabad,N/A,12 views,Posted 10 hours ago,Null,"Italian Cooking, Hygiene Management, Multitasking Skills",Recruitment / Employment Firms,Hotel/Restaurant Management,1 Post,First Shift (Day),Full Time/Permanent,Islamabad,No Preference,Non-Matriculation,Experienced Professional,5 Years,"Dec 01, 2025","Oct 30, 2025"
Islamabad,Senior WordPress Developer,https://www.rozee.pk/ninja-softs-pvt-limited-senior-wordpress-developer-islamabadlahorerawalpindigujranwalagujratkharianlalamusawah-cantt-jobs-1736112?utm_source=jobSearch&utm_medium=website&utm_content=jobSearch_1736112&utm_campaign=ROZEE.PK_job_search&utm_term=undefined,Ninja Softs (PVT) Limited,//www.rozee.pk/company/ninja-softs-pvt-limited,Multiple Cities,N/A,853 views,"Posted Oct 23, 2025",Null,"HTML5, CSS3, WP, WooCommerce, MySQL, Jquery",Information Technology,Software & Web Development,1 Post,First Shift (Day),Full Time/Permanent,"Islamabad, Gujranwala, Lahore, Rawalpindi, Gujrat, Kharian, Wah Cantt, Lalamusa",No Preference,Bachelors,Experienced Professional,N/A,"Nov 08, 2025","Oct 23, 2025"
Islamabad,Cashier,https://www.rozee.pk/cashier-islamabad-jobs-1743336?utm_source=jobSearch&utm_medium=website&utm_content=jobSearch_1743336&utm_campaign=ROZEE.PK_job_search&utm_term=undefined,Fun City,javascript:;,Islamabad,N/A,89 views,Posted 6 hours ago,Null,"Cash Handling, Customer Service, POS System Operation, Sales Reconciliation, Training and Supervision, Communication Skills, Organizational Skills, Report Preparation, Complaint Handling, Ticketing operations",N/A,N/A,1 Post,First Shift (Day),First Shift (Day),Islamabad,No Preference,Bachelors,Entry Level,N/A,"Nov 30, 2025","Oct 30, 2025"
Islamabad,Sales Executive,https://www.rozee.pk/sales-executive-islamabad-jobs-1743318?utm_source=jobSearch&utm_medium=website&utm_content=jobSearch_1743318&utm_campaign=ROZEE.PK_job_search&utm_term=undefined,Expert tutors,javascript:;,Islamabad,"PKR. 25,000 - 25,000/Month",12 views,Posted 6 hours ago,Null,"Sales, Communication, Verbal and Written English, Client Engagement, Relationship Building, Goal-Driven, Self-Motivated",N/A,N/A,1 Post,First Shift (Day),First Shift (Day),Islamabad,No Preference,Bachelors,Entry Level,N/A,"Nov 30, 2025","Oct 30, 2025"
Islamabad,Video Editor & AI Video Generation Specialist,https://www.rozee.pk/video-editor-ai-video-generation-specialist-islamabad-jobs-1743310?utm_source=jobSearch&utm_medium=website&utm_content=jobSearch_1743310&utm_campaign=ROZEE.PK_job_search&utm_term=undefined,Meta Group,javascript:;,Islamabad,"PKR. 20,000 - 20,000/Month",13 views,Posted 6 hours ago,Null,"Pika, AI Voice and Image Generation, Cinematic Lighting, LUTs, Color Grading, Localization, Subtitle creation, Voiceover syncing, Project Management, Storytelling, Prompt Writing for AI, Gen-2, Video Editing, runway, Veo3, AI tools: Sora, Animated Video Production, Motion Graphics, DaVinci Resolve, Final Cut Pro, After Effects, Adobe Premiere Pro, Ai video generation",N/A,N/A,1 Post,First Shift (Day),"We are looking for a talented Video Editor with at least two years of professional experience in both traditional and AI-enhanced video editing. The ideal candidate will have a strong ability to create high-quality video content across various formats, including long-form videos, short social media clips, podcast edits, and animated explainers. Experience with AI video generation tools such as Sora, Veo3, Runway, and Pika is highly desirable. This fully remote role offers the opportunity to work on innovative projects while collaborating closely with creative and marketing teams to deliver engaging visual stories.Key Responsibilities- Edit and produce video content tailored for platforms like YouTube, Instagram, TikTok, and podcasts.  - Create cinematic sequences by integrating B-roll footage, smooth transitions, and sound design elements.  - Repurpose long-form videos into engaging short clips optimized for social media engagement.  - Design and animate visual components to enhance storytelling and viewer engagement.  - Utilize AI video generation tools to develop original and innovative content.  - Develop detailed prompts for AI models to generate specific visual effects and outcomes.  - Collaborate with creative, marketing, and content teams to ensure brand consistency across all video materials.  - Stay updated on the latest trends in video editing, AI technologies, and visual storytelling techniques.Required Qualifications- Minimum of two years of professional experience in video editing.  - Proficiency with industry-standard software such as Adobe Premiere Pro, After Effects, Final Cut Pro, or DaVinci Resolve.  - A strong portfolio showcasing cinematic and emotionally impactful video edits.  - Experience in motion graphics and animated video production.  - Familiarity with AI video generation platforms including Sora, Veo3, Runway, Pika, and Gen-2.  - Ability to write clear and effective prompts for AI-generated visuals.  - Excellent storytelling skills with a keen sense of pacing and composition.  - Ability to independently manage multiple projects and meet tight deadlines.Preferred Qualifications and BenefitsCandidates with experience editing content in industries such as medical aesthetics, real estate, fashion, or e-commerce will have an advantage. Additional skills in voiceover syncing, subtitle creation, and localization are beneficial. Knowledge of color grading, LUTs, and cinematic lighting techniques is also valued. Familiarity with AI voice and image generation tools will be considered a plus.This position provides the chance to contribute to cutting-edge projects across diverse sectors while working with a creative team passionate about storytelling and technology. The role is fully remote, offering flexibility and the opportunity to shape the future of AI-driven video production.Job Type: Full-time  Compensation: Rs20,000 - Rs30,000 per month  Experience:  - Video Editing: Minimum 2 years (Preferred)  - AI Video Generation: Minimum 1 year (Preferred)/Skills 
                                            
                                                            
                                                                                                                                                                                                      
                                                                        Pika
                                                                    
                                                                                                                                                                                                       
                                                                        AI Voice and Image Generation
                                                                    
                                                                                                                                                                                                       
                                                                        Cinematic Lighting
                                                                    
                                                                                                                                                                                                       
                                                                        LUTs
                                                                    
                                                                                                                                                                                                       
                                                                        Color Grading
                                                                    
                                                                                                                                                                                                       
                                                                        Localization
                                                                    
                                                                                                                                                                                                       
                                                                        Subtitle creation
                                                                    
                                                                                                                                                                                                       
                                                                        Voiceover syncing
                                                                    
                                                                                                                                                                                                       
                                                                        Project Management
                                                                    
                                                                                                                                                                                                       
                                                                        Storytelling
                                                                    
                                                                                                                                                                                                       
                                                                        Prompt Writing for AI
                                                                    
                                                                                                                                                                                                       
                                                                        Gen-2
                                                                    
                                                                                                                                                                                                       
                                                                        Video Editing
                                                                    
                                                                                                                                                                                                       
                                                                        runway
                                                                    
                                                                                                                                                                                                       
                                                                        Veo3
                                                                    
                                                                                                                                                                                                       
                                                                        AI tools: Sora
                                                                    
                                                                                                                                                                                                       
                                                                        Animated Video Production
                                                                    
                                                                                                                                                                                                       
                                                                        Motion Graphics
                                                                    
                                                                                                                                                                                                       
                                                                        DaVinci Resolve
                                                                    
                                                                                                                                                                                                       
                                                                        Final Cut Pro
                                                                    
                                                                                                                                                                                                       
                                                                        After Effects
                                                                    
                                                                                                                                                                                                       
                                                                        Adobe Premiere Pro
                                                                    
                                                                                                                                                                                                       
                                                                        Ai video generation/Job Details
                                                                                                        
                                                            
                                                            
                                                                                                                                                                            
                                                            
                                                                
    
                                                                    Total Positions:
                                                                
                                                                
                                                                    1 Post
                                                                
    
                                                            
                                                            
                                                                                                                
                                                                
    
                                                                    Job Shift:
                                                                
                                                                
                                                                    First Shift (Day)
    
                                                                
    
                                                            
                                                            
                                                                                                                    
                                                                
                                                                    Job Type:
                                                                
                                                                 First Shift (Day)
                                                            
                                                            
                                                            
                                                                                                           
                                                            
                                                                
                                                                                                                                         Job Location:
                                                                                                                                    
                                                                
                                                                                                                                            
                                                                                                                                                                                                                                                                                                            Islamabad,
                                                                                                                                                                                                                                                                                            Pakistan
                                                                
                                                            
                                                        
                                                        

            
                                                            
                                                            
                                                                                                                    
                                                                
                                                                    Gender:
                                                                
                                                                
                                                                    No Preference
    
                                                                
                                                            
    
                                                                
                                                                
                                                                                                                        
                                                                                                                                                                                    
                                                                    
                                                                        Age:
                                                                    
                                                                    
                                                                        18 - 65 Years
                                                                    
                                                                
                                                                                                                        
                                                                                                                    
                                                                
    
                                                                    Minimum Education:
                                                                
                                                                
                                                                    Bachelors
                                                                
    
                                                            
                                                                                                                                                                                                                                    
                                                                
    
                                                                    Career Level:
                                                                
                                                                
                                                                    Entry Level
                                                                
    
                                                            
                                                                                                                
                                                                                                                                                                                    
                                                                    
                                                                        Maximum Experience:
                                                                    
                                                                    
                                                                        2 Years
                                                                    
                                                                
                                                                                                                    
                                                                                                            
                                                        
    
    
                                                                                                                                                                            
                                                            
                                                            
                                                            
                                                            
                                                            
                                                                
    
                                                                    Apply Before:
                                                                
                                                                
                                                                    Nov 30, 2025
                                                                
    
                                                            
                                                            
                                                            
                                                            
                                                                
    
                                                                    Posting Date:
                                                                
                                                                
                                                                    Oct 30, 2025/First Shift (Day)/Islamabad/Pakistan",Islamabad,No Preference,Bachelors,Entry Level,N/A,"Nov 30, 2025","Oct 30, 2025"
Islamabad,SEO Internship,https://www.rozee.pk/seo-internship-islamabad-jobs-1743304?utm_source=jobSearch&utm_medium=website&utm_content=jobSearch_1743304&utm_campaign=ROZEE.PK_job_search&utm_term=undefined,Talent Root Technologies,javascript:;,Islamabad,PKR. 50 - 50/Month,12 views,Posted 6 hours ago,Null,"SEO concepts, On-Page SEO, Off-Page SEO, Technical SEO, Keyword Research, Google Search Console, Google Analytics, SEO software, Written Communication, Verbal Communication, Team Collaboration, Adaptability",N/A,N/A,1 Post,First Shift (Day),Internship,Islamabad,No Preference,Bachelors,Entry Level,N/A,"Nov 30, 2025","Oct 30, 2025"
Islamabad,Executive / Administrative Assistant,https://www.rozee.pk/propact-global-executive-administrative-assistant-islamabad-jobs-1741058?utm_source=jobSearch&utm_medium=website&utm_content=jobSearch_1741058&utm_campaign=ROZEE.PK_job_search&utm_term=undefined,Propact Global,//www.rozee.pk/company/propact-global,Islamabad,"PKR. 50,000 - 80,000/Month",253 views,Posted 2 days ago,Null,"Data Administration, C Level Executive Support, Executive Administrative Assistance, Executive Level Presentation Skills, Diary Management, Executive Calendar Management, Meeting Scheduling, Coordinating Events, Admin Assistantce, Admin Task Planning, Administrative Management, Project Administration",Accounting / Taxation,Administration,1 Post,Hybrid Work Model,Full Time/Permanent,Islamabad,Female,Bachelors,Experienced Professional,N/A,"Nov 29, 2025","Oct 28, 2025"
Islamabad,Deputy Manager – Finance,https://www.rozee.pk/deputy-manager-%e2%80%93-finance-islamabad-jobs-1743268?utm_source=jobSearch&utm_medium=website&utm_content=jobSearch_1743268&utm_campaign=ROZEE.PK_job_search&utm_term=undefined,Anatolia Travel Services,javascript:;,Islamabad,"PKR. 125,000 - 125,000/Month",27 views,Posted 6 hours ago,Null,"Financial Reporting, Budgeting, Taxation, MS Excel, QuickBooks, ERP Systems, Financial Analysis, Leadership, Accounting Software, Financial Management",N/A,N/A,1 Post,First Shift (Day),First Shift (Day),Islamabad,No Preference,Bachelors,Mid-Level,N/A,"Nov 30, 2025","Oct 30, 2025"
Islamabad,Office boy,https://www.rozee.pk/office-boy-islamabad-jobs-1743266?utm_source=jobSearch&utm_medium=website&utm_content=jobSearch_1743266&utm_campaign=ROZEE.PK_job_search&utm_term=undefined,Honley Engineering,javascript:;,Islamabad,"PKR. 25,000 - 25,000/Month",34 views,Posted 6 hours ago,Null,"hospitality support, Serving tea and coffee, maintaining cleanliness, Meeting room preparation, pantry supply management, Professional and polite demeanor, Punctuality, Responsibility",N/A,N/A,1 Post,First Shift (Day),First Shift (Day),Islamabad,No Preference,N/A,Entry Level,N/A,"Nov 30, 2025","Oct 30, 2025"
Islamabad,Team Lead (In-bound Customer Support),https://www.rozee.pk/team-lead-in-bound-customer-support-islamabad-jobs-1743250?utm_source=jobSearch&utm_medium=website&utm_content=jobSearch_1743250&utm_campaign=ROZEE.PK_job_search&utm_term=undefined,Abacus Outsourcing,javascript:;,Islamabad,"PKR. 70,000 - 70,000/Month",6 views,Posted 7 hours ago,Null,"Leadership, Problem-Solving, People-management, Communication, Organizational Skills, Knowledge of contact center operations, Proficiency In Microsoft Excel, Team Supervision, Performance Management, Social media trends and tools knowledge",N/A,N/A,1 Post,First Shift (Day),First Shift (Day),Islamabad,No Preference,Bachelors,Entry Level,N/A,"Nov 30, 2025","Oct 30, 2025"
Karachi,Administration Manager (Health Care),https://www.rozee.pk/administration-manager-health-care-karachi-jobs-1743334?utm_source=jobSearch&utm_medium=website&utm_content=jobSearch_1743334&utm_campaign=ROZEE.PK_job_search&utm_term=undefined,Hcm International,javascript:;,Karachi,"PKR. 200,000 - 200,000/Month",59 views,Posted 6 hours ago,Null,"Strategic Planning, Project Coordination, Executive operations, Stakeholder Management, Event Planning, HR Administration, Healthcare sector knowledge, Digital health, Life Sciences, Technology, Management Consulting, Communication Skills, Multi-stakeholder program management, Clinical research familiarity, Responsible AI considerations",N/A,N/A,1 Post,First Shift (Day),"We are seeking a highly organized and trusted Administrative Manager to serve as the operational and planning right hand to the Senior Manager of Strategy and Execution. This role requires close collaboration with Senior Leadership, the Company Founder, and cross-functional teams across all Boston Health AI locations. The successful candidate will lead strategic planning, coordinate complex initiatives involving multiple stakeholders, enable swift and informed decision-making, and ensure precise execution across the company’s portfolio. This high-visibility, fast-paced position demands a calm, resourceful facilitator comfortable navigating both boardroom-level decisions and day-to-day operations.Key ResponsibilitiesStrategy & Planning:  Work closely with the Senior Manager, Strategy & Execution to lead annual and quarterly strategic planning and OKR cycles. Translate the company’s vision into actionable roadmaps with clear milestones, assigned owners, and measurable success criteria. Prepare detailed decision memos, pre-reads, risk/benefit analyses, and well-founded recommendations to support timely and rigorous decision-making. Monitor strategic initiatives from start to finish, proactively identifying risks, removing obstacles, and reallocating resources as necessary.Executive Operations:  Manage the Founder’s schedule and priorities, including long-term calendar planning, briefing materials, meeting preparation, and follow-up to maximize efficiency. Establish and facilitate key operating cadences such as Executive Leadership Team meetings, program reviews, pipeline reviews, clinical governance, and research steering committees. Document decisions and ensure effective follow-through. Maintain company collateral including presentations, one-pagers, and bios to ensure consistent and up-to-date external messaging. Coordinate the Founder’s on-site visits, particularly in Karachi, managing agendas, site tours, VIP meetings, media engagements, logistics, and day-of execution. Oversee VIP and special guest relations for the Founder in Karachi, handling invitations, protocol, on-site coordination, and hospitality.Communications & Stakeholder Management:  Serve as a primary point of contact for key internal and external stakeholders, representing the Founder and Leadership when appropriate. Lead the planning and execution of high-impact events and stakeholder engagements that align with business objectives. Manage all aspects including run of show, invitations, briefing packs, onsite delivery, and post-event follow-up. Support relationship management with healthcare institutions, health systems, academic partners, philanthropies, and public-sector collaborators.HR & Administrative Support:  Maintain employee records, contracts, and confidentiality agreements in accordance with company policies. Support onboarding and offboarding processes, including documentation, access management, asset handover, and induction. Manage leave requests and attendance records to ensure compliance with company policies. Coordinate with finance on payroll inputs and benefits administration. Ensure all HR-related documentation such as contracts, NDAs, and letters are current, properly filed, and easily accessible.Special Projects:  Lead time-sensitive, high-impact initiatives on behalf of the Founder, including new site launches, major grant applications, consortium formation, or strategic transactions.Required Qualifications  Minimum of 5 years’ experience in an administrative role within healthcare, digital health, life sciences, technology, or management consulting. Experience supporting C-level executives in senior program leadership roles is strongly preferred. A Bachelor’s degree is required.Preferred Qualifications and Benefits  Advanced degrees such as MBA, MPH, MHA, MD, or PhD are advantageous. Proven ability to manage complex, multi-stakeholder programs in regulated environments is preferred. Familiarity with clinical research processes and responsible AI considerations is a plus. Exceptional written and verbal communication skills are essential, with the ability to distill complex information into clear narratives and actionable options.Job Type: Full-time  Salary Range: Rs200,000 - Rs250,000 per month  Work Location: In person/Skills 
                                            
                                                            
                                                                                                                                                                                                      
                                                                        Strategic Planning
                                                                    
                                                                                                                                                                                                       
                                                                        Project Coordination
                                                                    
                                                                                                                                                                                                       
                                                                        Executive operations
                                                                    
                                                                                                                                                                                                       
                                                                        Stakeholder Management
                                                                    
                                                                                                                                                                                                       
                                                                        Event Planning
                                                                    
                                                                                                                                                                                                       
                                                                        HR Administration
                                                                    
                                                                                                                                                                                                       
                                                                        Healthcare sector knowledge
                                                                    
                                                                                                                                                                                                       
                                                                        Digital health
                                                                    
                                                                                                                                                                                                       
                                                                        Life Sciences
                                                                    
                                                                                                                                                                                                       
                                                                        Technology
                                                                    
                                                                                                                                                                                                       
                                                                        Management Consulting
                                                                    
                                                                                                                                                                                                       
                                                                        Communication Skills
                                                                    
                                                                                                                                                                                                       
                                                                        Multi-stakeholder program management
                                                                    
                                                                                                                                                                                                       
                                                                        Clinical research familiarity
                                                                    
                                                                                                                                                                                                       
                                                                        Responsible AI considerations/Job Details
                                                                                                        
                                                            
                                                            
                                                                                                                                                                            
                                                            
                                                                
    
                                                                    Total Positions:
                                                                
                                                                
                                                                    1 Post
                                                                
    
                                                            
                                                            
                                                                                                                
                                                                
    
                                                                    Job Shift:
                                                                
                                                                
                                                                    First Shift (Day)
    
                                                                
    
                                                            
                                                            
                                                                                                                    
                                                                
                                                                    Job Type:
                                                                
                                                                 First Shift (Day)
                                                            
                                                            
                                                            
                                                                                                           
                                                            
                                                                
                                                                                                                                         Job Location:
                                                                                                                                    
                                                                
                                                                                                                                            
                                                                                                                                                                                                                                                                                                            Karachi,
                                                                                                                                                                                                                                                                                            Pakistan
                                                                
                                                            
                                                        
                                                        

            
                                                            
                                                            
                                                                                                                    
                                                                
                                                                    Gender:
                                                                
                                                                
                                                                    No Preference
    
                                                                
                                                            
    
                                                                
                                                                
                                                                                                                        
                                                                                                                                                                                    
                                                                    
                                                                        Age:
                                                                    
                                                                    
                                                                        18 - 65 Years
                                                                    
                                                                
                                                                                                                        
                                                                                                                    
                                                                
    
                                                                    Minimum Education:
                                                                
                                                                
                                                                    Bachelors
                                                                
    
                                                            
                                                                                                                                                                                                                                    
                                                                
    
                                                                    Career Level:
                                                                
                                                                
                                                                    Mid-Level
                                                                
    
                                                            
                                                                                                                
                                                                                                                                                                                    
                                                                    
                                                                        Experience:
                                                                    
                                                                    
                                                                        3 Years - 5 Years 
                                                                    
                                                                
                                                                                                                    
                                                                                                            
                                                        
    
    
                                                                                                                                                                            
                                                            
                                                            
                                                            
                                                            
                                                            
                                                                
    
                                                                    Apply Before:
                                                                
                                                                
                                                                    Nov 30, 2025
                                                                
    
                                                            
                                                            
                                                            
                                                            
                                                                
    
                                                                    Posting Date:
                                                                
                                                                
                                                                    Oct 30, 2025/First Shift (Day)/Karachi/Pakistan",Karachi,No Preference,Bachelors,Mid-Level,N/A,"Nov 30, 2025","Oct 30, 2025"
Karachi,"Senior Manager, Performance",https://www.rozee.pk/senior-manager-performance-karachi-jobs-1661702?utm_source=jobSearch&utm_medium=website&utm_content=jobSearch_1661702&utm_campaign=ROZEE.PK_job_search&utm_term=undefined,foodpanda,javascript:;,Karachi,N/A,1845 views,Posted 6 hours ago,Null,"SQL, Teamwork, Communication, Storytelling, Presentation, business strategy, Data Analysis, Looker Studio, Excel, Statistics, Problem-Solving, Budgeting, Planning, Financial Analysis, Business, Computer Science, Mathematics",N/A,N/A,1 Post,First Shift (Day),First Shift (Day),Karachi,No Preference,Bachelors,Manager,N/A,"Nov 30, 2025","Oct 30, 2025"
Karachi,LTV Driver for Suzuki Pickup,https://www.rozee.pk/ltv-driver-for-suzuki-pickup-karachi-jobs-1743314?utm_source=jobSearch&utm_medium=website&utm_content=jobSearch_1743314&utm_campaign=ROZEE.PK_job_search&utm_term=undefined,Netline Pvt,javascript:;,Karachi,"PKR. 35,000 - 35,000/Month",26 views,Posted 6 hours ago,Null,"Valid LTV Driving License, Basic knowledge of electrical items, Reading and Writing Skills, Punctuality, Discipline, Trustworthiness, Vehicle Maintenance, Record Keeping",N/A,N/A,1 Post,First Shift (Day),First Shift (Day),Karachi,No Preference,Bachelors,Entry Level,N/A,"Nov 30, 2025","Oct 30, 2025"
Karachi,Customer Sales Reps,https://www.rozee.pk/customer-sales-reps-karachi-jobs-1743308?utm_source=jobSearch&utm_medium=website&utm_content=jobSearch_1743308&utm_campaign=ROZEE.PK_job_search&utm_term=undefined,Mars BPO,javascript:;,Karachi,"PKR. 35,000 - 35,000/Month",12 views,Posted 6 hours ago,Null,"المحاسبة للشركات, Confidence and professionalism with U.S., Ability to work well in a team, Customer Service, Outbound Calling, Multi-channel customer support (phone, email, chat)",N/A,N/A,1 Post,First Shift (Day),First Shift (Day),Karachi,No Preference,Bachelors,Entry Level,N/A,"Nov 30, 2025","Oct 30, 2025"
Karachi,HR Intern/ Front Desk (Female),https://www.rozee.pk/hr-intern-front-desk-female-karachi-jobs-1743306?utm_source=jobSearch&utm_medium=website&utm_content=jobSearch_1743306&utm_campaign=ROZEE.PK_job_search&utm_term=undefined,Mars BPO,javascript:;,Karachi,"PKR. 20,000 - 20,000/Month",10 views,Posted 6 hours ago,Null,"Human Resources, Recruitment, Employee Relations, Onboarding, HR Project Initiatives, Confidentiality, Communication Skills, Interpersonal Skills, Organizational Skills, Microsoft Office (Word, Excel, PowerPoint), Data Entry, Teamwork, Independent Work",N/A,N/A,1 Post,First Shift (Day),Internship,Karachi,Male,Bachelors,Entry Level,N/A,"Nov 30, 2025","Oct 30, 2025"
Karachi,DME Call Agent (USA-Based Campaign),https://www.rozee.pk/dme-call-agent-usa-based-campaign-karachi-jobs-1743298?utm_source=jobSearch&utm_medium=website&utm_content=jobSearch_1743298&utm_campaign=ROZEE.PK_job_search&utm_term=undefined,dorsum,javascript:;,Karachi,"PKR. 20,000 - 20,000/Month",11 views,Posted 6 hours ago,Null,"Handling DME calls, Sales Processes, Excellent Communication, Fluent English, Interpersonal Skills, Customer Service, Call Center Experience",N/A,N/A,1 Post,First Shift (Day),First Shift (Day),Karachi,No Preference,Bachelors,Entry Level,N/A,"Nov 30, 2025","Oct 30, 2025"
Karachi,International Sales Representative,https://www.rozee.pk/international-sales-representative-karachi-jobs-1743294?utm_source=jobSearch&utm_medium=website&utm_content=jobSearch_1743294&utm_campaign=ROZEE.PK_job_search&utm_term=undefined,Mars BPO,javascript:;,Karachi,"PKR. 35,000 - 35,000/Month",6 views,Posted 6 hours ago,Null,"Fluent English Communication, Lead Generation, Customer Relationship Management, Documentation and Record Keeping, Problem Solving, Collaboration",N/A,N/A,1 Post,First Shift (Day),First Shift (Day),Karachi,No Preference,N/A,Entry Level,N/A,"Nov 30, 2025","Oct 30, 2025"
Karachi,Self Sales Closer (Night Shift),https://www.rozee.pk/self-sales-closer-night-shift-karachi-jobs-1743290?utm_source=jobSearch&utm_medium=website&utm_content=jobSearch_1743290&utm_campaign=ROZEE.PK_job_search&utm_term=undefined,Mars BPO,javascript:;,Karachi,"PKR. 40,000 - 40,000/Month",11 views,Posted 6 hours ago,Null,"Strong English Communication, Negotiation Skills, Lead Management, Inbound and outbound calls handling, Customer Query Resolution, Sales Closing, working night shifts",N/A,N/A,1 Post,First Shift (Day),First Shift (Day),Karachi,No Preference,Bachelors,Entry Level,N/A,"Nov 30, 2025","Oct 30, 2025"
Karachi,Business Development & Corporate Relations Executive,https://www.rozee.pk/business-development-corporate-relations-executive-karachi-jobs-1743286?utm_source=jobSearch&utm_medium=website&utm_content=jobSearch_1743286&utm_campaign=ROZEE.PK_job_search&utm_term=undefined,Iberianz,javascript:;,Karachi,"PKR. 70,000 - 70,000/Month",6 views,Posted 6 hours ago,Null,"Communication, Presentation, Cold Calling, LinkedIn Networking, Client Follow-ups, Video Content Creation, CRM Tools, Sales, Marketing, HR Services, Digital savvy",N/A,N/A,1 Post,First Shift (Day),First Shift (Day),Karachi,No Preference,Bachelors,Entry Level,N/A,"Nov 30, 2025","Oct 30, 2025"
Karachi,MERN Stack Internship,https://www.rozee.pk/mern-stack-internship-karachi-jobs-1743282?utm_source=jobSearch&utm_medium=website&utm_content=jobSearch_1743282&utm_campaign=ROZEE.PK_job_search&utm_term=undefined,Coderatory,javascript:;,Karachi,N/A,7 views,Posted 6 hours ago,Null,"JavaScript, REACT.JS, Node.js, Mongodb, Express, Rest APIs, Git, Version Control, Problem-Solving",N/A,N/A,1 Post,First Shift (Day),First Shift (Day),Karachi,No Preference,Bachelors,Entry Level,N/A,"Nov 30, 2025","Oct 30, 2025"
Karachi,IT Admin,https://www.rozee.pk/it-admin-karachi-jobs-1743272?utm_source=jobSearch&utm_medium=website&utm_content=jobSearch_1743272&utm_campaign=ROZEE.PK_job_search&utm_term=undefined,Emeriosoft,javascript:;,Karachi,"PKR. 60,000 - 60,000/Month",20 views,Posted 6 hours ago,Null,"Windows OS, MAC OS, Linux OS, Networking Concepts, TCP/IP, VLANs, Routing, VPN Technologies, Cybersecurity Tools, Backup Solutions, Disaster Recovery, Problem-Solving, Communication Skills, Multitasking",N/A,N/A,1 Post,First Shift (Day),First Shift (Day),Karachi,No Preference,Bachelors,Entry Level,N/A,"Nov 30, 2025","Oct 30, 2025"
Karachi,Data Reporting Analyst (Advanced Excel Expert),https://www.rozee.pk/data-reporting-analyst-advanced-excel-expert-karachi-jobs-1743260?utm_source=jobSearch&utm_medium=website&utm_content=jobSearch_1743260&utm_campaign=ROZEE.PK_job_search&utm_term=undefined,Appedology PVT,javascript:;,Karachi,"PKR. 45,000 - 45,000/Month",24 views,Posted 6 hours ago,Null,"Advanced Excel, vlookup, Conditional Formulas, PivotTables, Data Manipulation, Data Analysis, Report Automation, Macros, VBA Programming, Power BI (preferred)",N/A,N/A,1 Post,First Shift (Day),First Shift (Day),Karachi,No Preference,Bachelors,Entry Level,N/A,"Nov 30, 2025","Oct 30, 2025"
Karachi,Salesman - Outdoor,https://www.rozee.pk/asa-polymer-salesman-outdoor-karachi-jobs-1731768?utm_source=jobSearch&utm_medium=website&utm_content=jobSearch_1731768&utm_campaign=ROZEE.PK_job_search&utm_term=undefined,ASA POLYMER,//www.rozee.pk/company/asa-polymer,Karachi,"PKR. 70,000 - 100,000/Month",185 views,"Posted Oct 17, 2025",Null,"Customer Serivce Skills, Handling Customer Interactions, Customer Analysis, Retail Sales Knowledge, Retail Sales, Communication for Development, Field Communications",Manufacturing,Sales & Business Development,1 Post,First Shift (Day),Full Time/Permanent,Karachi,Male,Intermediate/A-Level,Experienced Professional,5 Years,"Nov 18, 2025","Oct 17, 2025"
Karachi,Floor Supervisor Retail,https://www.rozee.pk/floor-supervisor-retail-karachi-jobs-1743248?utm_source=jobSearch&utm_medium=website&utm_content=jobSearch_1743248&utm_campaign=ROZEE.PK_job_search&utm_term=undefined,FRESH BASKET,javascript:;,Karachi,"PKR. 40,000 - 40,000/Month",38 views,Posted 7 hours ago,Null,"Retail Management, Leadership, Team Motivation, Organizational Skills, Time Management, Knowledge of fresh produce, Product Handling, Communication, Interpersonal Skills, Inventory Management, Ordering systems, Customer Service",N/A,N/A,1 Post,First Shift (Day),First Shift (Day),Karachi,No Preference,Bachelors,Entry Level,N/A,"Nov 30, 2025","Oct 30, 2025"
Karachi,Computer Operator,https://www.rozee.pk/computer-operator-karachi-jobs-1743234?utm_source=jobSearch&utm_medium=website&utm_content=jobSearch_1743234&utm_campaign=ROZEE.PK_job_search&utm_term=undefined,STALLYONS TECHNOLOGIES,javascript:;,Karachi,"PKR. 25,000 - 25,000/Month",37 views,Posted 7 hours ago,Null,"Typing, English Writing, Data Entry, Document Preparation, computer system operation",N/A,N/A,1 Post,First Shift (Day),First Shift (Day),Karachi,No Preference,Bachelors,Entry Level,N/A,"Nov 30, 2025","Oct 30, 2025"
Karachi,Sales Executive,https://www.rozee.pk/tek-venture-sales-executive-karachi-jobs-1742882?utm_source=jobSearch&utm_medium=website&utm_content=jobSearch_1742882&utm_campaign=ROZEE.PK_job_search&utm_term=undefined,Tek Venture,//www.rozee.pk/company/tek-venture,Karachi,"PKR. 25,000 - 45,000/Month",13 views,Posted 7 hours ago,Null,"Live Chat Handling, Sales Operations, Fluent, Creative Design Knowledge",Information Technology,Sales & Business Development,3 Posts,Third Shift (Night),Full Time/Permanent,Karachi,No Preference,Intermediate/A-Level,Entry Level,"Less than 1 Year (-Should be familiar with discord, twitch and twiter)","Nov 09, 2025","Oct 30, 2025"
Karachi,Accounts Officer,https://www.rozee.pk/accounts-officer-karachi-jobs-1743206?utm_source=jobSearch&utm_medium=website&utm_content=jobSearch_1743206&utm_campaign=ROZEE.PK_job_search&utm_term=undefined,Liberty Mills,javascript:;,Karachi,N/A,53 views,Posted 7 hours ago,Null,"Payment Processing, Inventory Accounting, Oracle ERP, Account Reconciliation, Financial Closing, Audit Support, Accounting Principles, MS Excel",N/A,N/A,1 Post,First Shift (Day),First Shift (Day),Karachi,No Preference,Bachelors,Entry Level,N/A,"Nov 30, 2025","Oct 30, 2025"
Karachi,Chief of Staff / Operations / Marketing Lead,https://www.rozee.pk/it-company-chief-of-staff-operations-marketing-lead-jobs-1743168?utm_source=jobSearch&utm_medium=website&utm_content=jobSearch_1743168&utm_campaign=ROZEE.PK_job_search&utm_term=undefined,IT Company,//www.rozee.pk/company/it-company,Multiple Cities,"PKR. 100,000 - 125,000/Month",69 views,Posted 7 hours ago,Null,"Communion   Skills, Operating Efficiencies, Leadership Management, Marketing Strategie",Information Technology,Operations,1 Post,Work from Home,Full Time/Permanent,"Islamabad, Karachi, Lahore",No Preference,Bachelors,Experienced Professional,2 Years,"Nov 30, 2025","Oct 30, 2025"
Karachi,QA Executive - Microbiologist (FMCG),https://www.rozee.pk/prime-human-resource-services-pvt-ltd-qa-executive-microbiologist-fmcg-karachi-jobs-1740018?utm_source=jobSearch&utm_medium=website&utm_content=jobSearch_1740018&utm_campaign=ROZEE.PK_job_search&utm_term=undefined,Prime Human Resource Services (Pvt) Ltd,//www.rozee.pk/company/prime-human-resource-services-pvt-ltd,Karachi,"PKR. 60,000 - 70,000/Month",46 views,Posted 2 days ago,Null,"Environment Health Safety Management, Laboratory Operations Management, Hygiene Standards, Statistical Data Analysis, Biological Data Analysis, Biotechnology, Food Microbiology, Laboratory Quality Assurance",Recruitment / Employment Firms,Quality Assurance (QA),35+ Posts,First Shift (Day),Full Time/Permanent,Karachi,Male,Masters,Experienced Professional,N/A,"Nov 27, 2025","Oct 28, 2025"
Karachi,Relationship Executive,https://www.rozee.pk/united-bank-limited-ubl-relationship-executive-all-cities-jobs-1742118?utm_source=jobSearch&utm_medium=website&utm_content=jobSearch_1742118&utm_campaign=ROZEE.PK_job_search&utm_term=undefined,United Bank Limited (UBL),//www.rozee.pk/company/united-bank-limited-ubl,All Cities,N/A,4662 views,Posted 8 hours ago,Null,"Branch Support., Google Ads Planning, Manage Client Relationships, Client Acquisition Skills",Banking/Financial Services,Client Services & Customer Support,1 Post,First Shift (Day),Full Time/Permanent,All Cities,Male,Intermediate/A-Level,Entry Level,N/A,"Jan 30, 2026","Oct 30, 2025"
Karachi,IT Support / Network Troubleshooter,https://www.rozee.pk/pakistan-fumigation-corporation-it-support-network-troubleshooter-karachi-jobs-1732596?utm_source=jobSearch&utm_medium=website&utm_content=jobSearch_1732596&utm_campaign=ROZEE.PK_job_search&utm_term=undefined,Null,//www.rozee.pk/company/pakistan-fumigation-corporation,"Pakistan Fumigation Corporation 
                                                    
                                                                    
                                                                                                            PKR 25",N/A,Null,Null,Null,Null,N/A,N/A,N/A,N/A,N/A,N/A,N/A,N/A,N/A,N/A,"Nov 21, 2025","Oct 23, 2025"
Karachi,Telesales Agent,https://www.rozee.pk/na-telecom-solutions-pvt-ltd-telesales-agent-karachi-jobs-1742448?utm_source=jobSearch&utm_medium=website&utm_content=jobSearch_1742448&utm_campaign=ROZEE.PK_job_search&utm_term=undefined,NA Telecom Solutions Pvt Ltd,//www.rozee.pk/company/na-telecom-solutions-pvt-ltd,Karachi,"PKR. 30,000 - 90,000/Month",38 views,Posted Yesterday,Null,"Convincing Ability, Positive Discipline, Strong Communication Skills",BPO,Telemarketing,35+ Posts,First Shift (Day),Full Time/Permanent,Karachi,Female,Intermediate/A-Level,Entry Level,Less than 1 Year,"Nov 29, 2025","Oct 29, 2025"
Karachi,Senior Staff Accountant,https://www.rozee.pk/senior-staff-accountant-karachi-jobs-1743140?utm_source=jobSearch&utm_medium=website&utm_content=jobSearch_1743140&utm_campaign=ROZEE.PK_job_search&utm_term=undefined,Contour Software,javascript:;,Karachi,N/A,33 views,Posted 8 hours ago,Null,"Bookkeeping, Accounting, Accounts Payable and Receivable, Financial Record Management, Microsoft Dynamics GP, Data Entry, Numerical Aptitude, Spreadsheets, MS Excel, English Proficiency, IFRS Knowledge, Journal Entries, Financial Reporting, Bank Reconciliations, Variance Analysis",N/A,N/A,1 Post,First Shift (Day),First Shift (Day),Karachi,No Preference,Bachelors,Entry Level,N/A,"Nov 30, 2025","Oct 30, 2025"
Karachi,Balochi Speaker,https://www.rozee.pk/balochi-speaker-karachi-jobs-1743134?utm_source=jobSearch&utm_medium=website&utm_content=jobSearch_1743134&utm_campaign=ROZEE.PK_job_search&utm_term=undefined,talent ibex,javascript:;,Karachi,N/A,17 views,Posted 8 hours ago,Null,"Balochi, pushto, English, Customer Service, Communication Skills, Microsoft Excel, Microsoft Word",N/A,N/A,1 Post,First Shift (Day),First Shift (Day),Karachi,No Preference,Bachelors,Entry Level,N/A,"Nov 30, 2025","Oct 30, 2025"
Karachi,Project Manager,https://www.rozee.pk/project-manager-karachi-jobs-1743128?utm_source=jobSearch&utm_medium=website&utm_content=jobSearch_1743128&utm_campaign=ROZEE.PK_job_search&utm_term=undefined,Siemens Energy,javascript:;,Karachi,N/A,21 views,Posted 8 hours ago,Null,"Project execution of HV Substations, Project Management, Negotiation Skills, Influencing and communication, English Proficiency, Computer Skills, ERP Systems, Design Software, Contract and Claim Management, Risk and opportunity management",N/A,N/A,1 Post,First Shift (Day),First Shift (Day),Karachi,No Preference,Bachelors,Entry Level,N/A,"Nov 30, 2025","Oct 30, 2025"
Karachi,Head Of Operations,https://www.rozee.pk/parhana-group-head-of-operations-karachi-jobs-1742906?utm_source=jobSearch&utm_medium=website&utm_content=jobSearch_1742906&utm_campaign=ROZEE.PK_job_search&utm_term=undefined,Parhana Group,//www.rozee.pk/company/parhana-group,Karachi,"PKR. 40,000 - 100,000/Month",35 views,Posted 8 hours ago,Null,"Cargo Operations Knowledge, Microsoft Outlook, Operations Control, Operations Improvement, Configuring Software, of Financial Management, Fornt Office Support, LimeSurvey, Sales Operations, RZ",Education/Training,Operations,2 Posts,First Shift (Day),Full Time/Permanent,Karachi,Female,Masters,Department Head,N/A,"Dec 01, 2025","Oct 30, 2025"
Karachi,Manager Corporate - B2B Sales / Modern Trade,https://www.rozee.pk/orient-electronics-pvt-ltd-manager-corporate-b2b-sales-modern-trade-karachi-jobs-1743084?utm_source=jobSearch&utm_medium=website&utm_content=jobSearch_1743084&utm_campaign=ROZEE.PK_job_search&utm_term=undefined,Orient Electronics Pvt Ltd,//www.rozee.pk/company/orient-electronics-pvt-ltd,Karachi,N/A,32 views,Posted 8 hours ago,Null,"Relationship Management, Planning and  Execution, Negotiation Skills",Manufacturing,Sales & Business Development,1 Post,First Shift (Day),Full Time/Permanent,Karachi,No Preference,Bachelors,Experienced Professional,"5 Years (Minimum 5 – 7 years of proven experience in corporate, B2B sales and modern trade.)","Nov 11, 2025","Oct 30, 2025"
Karachi,Junior Graphic Designer,https://www.rozee.pk/ozbix-junior-graphic-designer-karachi-jobs-1743082?utm_source=jobSearch&utm_medium=website&utm_content=jobSearch_1743082&utm_campaign=ROZEE.PK_job_search&utm_term=undefined,Ozbix,//www.rozee.pk/company/ozbix,Karachi,N/A,7 views,Posted 8 hours ago,Null,"Logo Design, Adobe Creative Suite, Communication Skills",N/A,Creative Design,2 Posts,First Shift (Day),Full Time/Permanent,Karachi,Male,Bachelors,Entry Level,1 Year,"Dec 01, 2025","Oct 30, 2025"
Karachi,People Experience Manager,https://www.rozee.pk/people-experience-manager-karachi-jobs-1743096?utm_source=jobSearch&utm_medium=website&utm_content=jobSearch_1743096&utm_campaign=ROZEE.PK_job_search&utm_term=undefined,Pfizer,javascript:;,Karachi,N/A,17 views,Posted 8 hours ago,Null,"Compensation And Benefits, Working in complex matrix organizations, Adaptability, Confidentiality handling, Communication, Presentation, Facilitation, Data Analysis, Organizational Diagnostics, Project Management, Human Resources, HR Business Partnering, HR Policies and Procedures, Expatriate Management, Culture Change Management, Stakeholder Management, Organizational Development, Colleague Relations, talent planning, Recruitment Lifecycle Management",N/A,N/A,1 Post,First Shift (Day),First Shift (Day),Karachi,No Preference,Bachelors,Entry Level,N/A,"Nov 30, 2025","Oct 30, 2025"
Karachi,Medical Billing Analyst,https://www.rozee.pk/claims-med-inc-medical-billing-analyst-karachi-jobs-1742986?utm_source=jobSearch&utm_medium=website&utm_content=jobSearch_1742986&utm_campaign=ROZEE.PK_job_search&utm_term=undefined,Claims Med inc,//www.rozee.pk/company/claims-med-inc,Karachi,"PKR. 45,000 - 50,000/Month",27 views,Posted 8 hours ago,Null,"Communication Skills, Fluent In English, Coordiantion Skills",N/A,Operations,4 Posts,First Shift (Day),Full Time/Permanent,Karachi,Male,Intermediate/A-Level,Entry Level,Fresh,"Dec 01, 2025","Oct 30, 2025"
Karachi,Talent Acquisition Partner - (6 month contract),https://www.rozee.pk/talent-acquisition-partner-6-month-contract-karachi-jobs-1743078?utm_source=jobSearch&utm_medium=website&utm_content=jobSearch_1743078&utm_campaign=ROZEE.PK_job_search&utm_term=undefined,Careem,javascript:;,Karachi,N/A,8 views,Posted 8 hours ago,Null,"Artificial Intelligence, Data-driven recruitment, Screening, Applicant Tracking Systems, Mobile Engineering, AI understanding (general appreciation for AI, Data Analytics, Sourcing, Influencing Skills, Data Analytics Recruitment, Problem Solving, Greenhouse, Talent Acquisition, Technical Recruiting, Applicant Tracking Systems (Greenhouse), LinkedIn Recruiter, Data Science, Engineering Recruitment, Stakeholder Management, Offer Management, Data Science Recruitment, Backend Engineering",N/A,N/A,1 Post,First Shift (Day),Contract,Karachi,No Preference,N/A,Manager,N/A,"Nov 30, 2025","Oct 30, 2025"
Karachi,Social Media Content Manager,https://www.rozee.pk/social-media-content-manager-karachi-jobs-1743070?utm_source=jobSearch&utm_medium=website&utm_content=jobSearch_1743070&utm_campaign=ROZEE.PK_job_search&utm_term=undefined,Careem,javascript:;,Karachi,N/A,7 views,Posted 8 hours ago,Null,"Social Media Analytics, Collaboration And Teamwork, Social Media Management, Knowledge of social media channels and trends, Video Editing, Content creation and production, Content Creation, Creative Thinking, AI, Social Media Platforms, Adobe Premiere Pro, Strong Communication Skills, AI application to automate workflows and build, Social Media Strategy, Social Media Campaigns, CapCut), Adobe After Effects, Video editing (Adobe Premiere Pro, Social Media Content, Content Production, Social Media Strategy Development, Capcut",N/A,N/A,1 Post,First Shift (Day),First Shift (Day),Karachi,No Preference,N/A,Mid-Level,N/A,"Nov 30, 2025","Oct 30, 2025"
Karachi,Senior Software Engineering Manager,https://www.rozee.pk/senior-software-engineering-manager-karachi-jobs-1743068?utm_source=jobSearch&utm_medium=website&utm_content=jobSearch_1743068&utm_campaign=ROZEE.PK_job_search&utm_term=undefined,Careem,javascript:;,Karachi,N/A,10 views,Posted 8 hours ago,Null,"Microservices Architecture, GO, scalable system architecture, Mentoring, Technical Leadership, Python, Infrastructure, Data Structures, Cyber Security, Backend Development, Java, Engineering process improvement, Distributed Systems, Software Design, Artificial Intelligence, Data Analysis, .NET, Clean Code, Test-Driven Development, SOLID Principles, Software Development, MLOPS, Frontend Development, Scalable distributed systems, Algorithms, Solid Design Principles, Mobile Development, microservices-based architecture, Web Development, Quality Assurance, Object-oriented programming",N/A,N/A,1 Post,First Shift (Day),First Shift (Day),Karachi,No Preference,Bachelors,Manager,N/A,"Nov 30, 2025","Oct 30, 2025"
Karachi,Senior Software Engineer I - Backend,https://www.rozee.pk/senior-software-engineer-i-backend-karachi-jobs-1743062?utm_source=jobSearch&utm_medium=website&utm_content=jobSearch_1743062&utm_campaign=ROZEE.PK_job_search&utm_term=undefined,Careem,javascript:;,Karachi,N/A,13 views,Posted 8 hours ago,Null,"Agile Development, C++, Source Control, DOCKER, Java Spring Framework, Relational Databases, Coding Standards, Non-relational database systems, Kotlin, Data Structures, Java, Golang, source control management, non-relational databases, AWS, Operational Support, Object-Oriented Design, Object-oriented programming, Azure, AI application, C, #Kubernetes, Code Reviews, Build processes, Algorithms, Testing, Relational Database Systems, AWS), Google Cloud Platform, Cloud Platforms (Azure",N/A,N/A,1 Post,First Shift (Day),First Shift (Day),Karachi,No Preference,Master,Manager,N/A,"Nov 30, 2025","Oct 30, 2025"
Karachi,Senior People Business Partner,https://www.rozee.pk/senior-people-business-partner-karachi-jobs-1743052?utm_source=jobSearch&utm_medium=website&utm_content=jobSearch_1743052&utm_campaign=ROZEE.PK_job_search&utm_term=undefined,Careem,javascript:;,Karachi,N/A,8 views,Posted 8 hours ago,Null,"Knowledge of Local Labor Laws in Pakistan, Problem-Solving, Performance Management, Organizational Design, Cultural Transformation, Human Resources, Data-driven Analysis, Learning and Development, Business Partnering, Coaching Leaders, Leadership Development, Compensation, Change Management, talent planning, Stakeholder Management, Talent Acquisition, Strategic HR Initiatives",N/A,N/A,1 Post,First Shift (Day),First Shift (Day),Karachi,No Preference,N/A,Manager,N/A,"Nov 30, 2025","Oct 30, 2025"
Karachi,Product Ops Specialist,https://www.rozee.pk/product-ops-specialist-karachi-jobs-1743048?utm_source=jobSearch&utm_medium=website&utm_content=jobSearch_1743048&utm_campaign=ROZEE.PK_job_search&utm_term=undefined,Careem,javascript:;,Karachi,N/A,4 views,Posted 8 hours ago,Null,"Strong Communication Skills, Proactive problem-solving abilities, analytical proficiency, Understanding of quality assurance processes, Basic coding knowledge, Customer-centric mindset, High Attention To Detail, Project Management Skills, Commitment to continuous learning, e-commerce or retail experience",N/A,N/A,1 Post,First Shift (Day),First Shift (Day),Karachi,No Preference,N/A,Mid-Level,N/A,"Nov 30, 2025","Oct 30, 2025"
Karachi,IT Infrastructure Engineer,https://www.rozee.pk/it-infrastructure-engineer-karachi-jobs-1743046?utm_source=jobSearch&utm_medium=website&utm_content=jobSearch_1743046&utm_campaign=ROZEE.PK_job_search&utm_term=undefined,Careem,javascript:;,Karachi,N/A,4 views,Posted 8 hours ago,Null,"SASE gateways, VMWare ESX, Information Governance, Incident Management, MPLS, Root Cause Analysis, Application programming, Virtualization, Change Management, routers, System monitoring and management, Network Equipment, Network+, WAN accelerators, System Monitoring, MPLS Networks, aggregators, Wireless networks, Incident and Change Management, Database Design, ITIL, Database and system design, Virtualization platforms, CCNP, IT security tools, network layers 1 through 7, Azure, Data Networks, LINUX, Next-generation firewalls, IT infrastructure services, aggregators), Network equipment configuration (routers, WAN, Security+, Problem-Solving, voice networks, TCP/IP protocol stack, MCITP, Single Sign-On (SSO), unified communication suites, SASE networks, Routing, LAN/WAN, Active Directory, AWS, VPN Technologies, Switching, LAN, CCNA, Cisco Meraki, Zscaler, Firewalls, AI, Switches, Orange MPLS, Genesis call center solutions, Sonus voice gateways, JumpCloud, Experience with platforms like Zscaler, multisite mesh networks, DPLC, System Design, Datacenter Management, MCSE, network solutions design, VoIP telephony systems, Mobile Device Management (MDM), Voice Infrastructure, VCenter",N/A,N/A,1 Post,First Shift (Day),First Shift (Day),Karachi,No Preference,Bachelors,Mid-Level,N/A,"Nov 30, 2025","Oct 30, 2025"
Karachi,Captain Marketing Lead,https://www.rozee.pk/captain-marketing-lead-karachi-jobs-1743032?utm_source=jobSearch&utm_medium=website&utm_content=jobSearch_1743032&utm_campaign=ROZEE.PK_job_search&utm_term=undefined,Careem,javascript:;,Karachi,N/A,4 views,Posted 8 hours ago,Null,"Illustrator, After Effects, InDesign, Graphic Design, Campaign Design, Video Editing (preferred), Video Editing, InDesign), Adobe Creative Suite (Photoshop, Community-focused Design, Motion graphics (preferred), Visual Communication, Motion Graphics, Figma, Photoshop, Canva, Multicultural and Multilingual Design, Marketing Communications, Adobe Creative Suite, Project Management",N/A,N/A,1 Post,First Shift (Day),First Shift (Day),Karachi,No Preference,Bachelors,Mid-Level,N/A,"Nov 30, 2025","Oct 30, 2025"
Karachi,HR Manager - Karachi Factory,https://www.rozee.pk/hr-manager-karachi-factory-karachi-jobs-1742998?utm_source=jobSearch&utm_medium=website&utm_content=jobSearch_1742998&utm_campaign=ROZEE.PK_job_search&utm_term=undefined,Nestlé,javascript:;,Karachi,N/A,27 views,Posted 8 hours ago,Null,"Succession Planning, safety and wellness initiatives, Coaching, Communication, Matrix organizational experience, Workforce Planning, Emotional Intelligence, Confidentiality, Interpersonal Skills, Recruitment Process, Industrial Relations, Talent Acquisition, Performance Reviews, Local labor laws, HR Policies and Procedures, Organizational Development, Talent Management, Employee Relations, talent and succession strategies, Legal Compliance, Employee Engagement",N/A,N/A,1 Post,First Shift (Day),First Shift (Day),Karachi,No Preference,Bachelors,Mid-Level,N/A,"Nov 30, 2025","Oct 30, 2025"
Karachi,Business Development Executive,https://www.rozee.pk/ahmad-group-pvt-ltd-business-development-executive-karachi-jobs-1742934?utm_source=jobSearch&utm_medium=website&utm_content=jobSearch_1742934&utm_campaign=ROZEE.PK_job_search&utm_term=undefined,Ahmad Group Pvt Ltd,//www.rozee.pk/company/ahmad-group-pvt-ltd,Karachi,N/A,27 views,Posted 11 hours ago,Null,"Business Development Strategies, B2B Business Development, Communication Skills",Warehousing,Sales & Business Development,1 Post,First Shift (Day),Full Time/Permanent,Karachi,No Preference,Bachelors,Experienced Professional,3 Years,"Dec 01, 2025","Oct 30, 2025"
Karachi,Office Executive,https://www.rozee.pk/delaware-office-executive-karachi-jobs-1742972?utm_source=jobSearch&utm_medium=website&utm_content=jobSearch_1742972&utm_campaign=ROZEE.PK_job_search&utm_term=undefined,Delaware,//www.rozee.pk/company/delaware,Karachi,"PKR. 40,000 - 45,000/Month",38 views,Posted 9 hours ago,Null,"Business Writing, Computer, Reading Skills",Accounting / Taxation,Management Consulting,1 Post,First Shift (Day),Full Time/Permanent,Karachi,Male,N/A,Entry Level,N/A,"Nov 30, 2025","Oct 30, 2025"
Karachi,Administration Manager (Health Care),https://www.rozee.pk/administration-manager-health-care-karachi-jobs-1743334?utm_source=jobSearch&utm_medium=website&utm_content=jobSearch_1743334&utm_campaign=ROZEE.PK_job_search&utm_term=undefined,Hcm International,javascript:;,Karachi,"PKR. 200,000 - 200,000/Month",60 views,Posted 6 hours ago,Null,"Strategic Planning, Project Coordination, Executive operations, Stakeholder Management, Event Planning, HR Administration, Healthcare sector knowledge, Digital health, Life Sciences, Technology, Management Consulting, Communication Skills, Multi-stakeholder program management, Clinical research familiarity, Responsible AI considerations",N/A,N/A,1 Post,First Shift (Day),"We are seeking a highly organized and trusted Administrative Manager to serve as the operational and planning right hand to the Senior Manager of Strategy and Execution. This role requires close collaboration with Senior Leadership, the Company Founder, and cross-functional teams across all Boston Health AI locations. The successful candidate will lead strategic planning, coordinate complex initiatives involving multiple stakeholders, enable swift and informed decision-making, and ensure precise execution across the company’s portfolio. This high-visibility, fast-paced position demands a calm, resourceful facilitator comfortable navigating both boardroom-level decisions and day-to-day operations.Key ResponsibilitiesStrategy & Planning:  Work closely with the Senior Manager, Strategy & Execution to lead annual and quarterly strategic planning and OKR cycles. Translate the company’s vision into actionable roadmaps with clear milestones, assigned owners, and measurable success criteria. Prepare detailed decision memos, pre-reads, risk/benefit analyses, and well-founded recommendations to support timely and rigorous decision-making. Monitor strategic initiatives from start to finish, proactively identifying risks, removing obstacles, and reallocating resources as necessary.Executive Operations:  Manage the Founder’s schedule and priorities, including long-term calendar planning, briefing materials, meeting preparation, and follow-up to maximize efficiency. Establish and facilitate key operating cadences such as Executive Leadership Team meetings, program reviews, pipeline reviews, clinical governance, and research steering committees. Document decisions and ensure effective follow-through. Maintain company collateral including presentations, one-pagers, and bios to ensure consistent and up-to-date external messaging. Coordinate the Founder’s on-site visits, particularly in Karachi, managing agendas, site tours, VIP meetings, media engagements, logistics, and day-of execution. Oversee VIP and special guest relations for the Founder in Karachi, handling invitations, protocol, on-site coordination, and hospitality.Communications & Stakeholder Management:  Serve as a primary point of contact for key internal and external stakeholders, representing the Founder and Leadership when appropriate. Lead the planning and execution of high-impact events and stakeholder engagements that align with business objectives. Manage all aspects including run of show, invitations, briefing packs, onsite delivery, and post-event follow-up. Support relationship management with healthcare institutions, health systems, academic partners, philanthropies, and public-sector collaborators.HR & Administrative Support:  Maintain employee records, contracts, and confidentiality agreements in accordance with company policies. Support onboarding and offboarding processes, including documentation, access management, asset handover, and induction. Manage leave requests and attendance records to ensure compliance with company policies. Coordinate with finance on payroll inputs and benefits administration. Ensure all HR-related documentation such as contracts, NDAs, and letters are current, properly filed, and easily accessible.Special Projects:  Lead time-sensitive, high-impact initiatives on behalf of the Founder, including new site launches, major grant applications, consortium formation, or strategic transactions.Required Qualifications  Minimum of 5 years’ experience in an administrative role within healthcare, digital health, life sciences, technology, or management consulting. Experience supporting C-level executives in senior program leadership roles is strongly preferred. A Bachelor’s degree is required.Preferred Qualifications and Benefits  Advanced degrees such as MBA, MPH, MHA, MD, or PhD are advantageous. Proven ability to manage complex, multi-stakeholder programs in regulated environments is preferred. Familiarity with clinical research processes and responsible AI considerations is a plus. Exceptional written and verbal communication skills are essential, with the ability to distill complex information into clear narratives and actionable options.Job Type: Full-time  Salary Range: Rs200,000 - Rs250,000 per month  Work Location: In person/Skills 
                                            
                                                            
                                                                                                                                                                                                      
                                                                        Strategic Planning
                                                                    
                                                                                                                                                                                                       
                                                                        Project Coordination
                                                                    
                                                                                                                                                                                                       
                                                                        Executive operations
                                                                    
                                                                                                                                                                                                       
                                                                        Stakeholder Management
                                                                    
                                                                                                                                                                                                       
                                                                        Event Planning
                                                                    
                                                                                                                                                                                                       
                                                                        HR Administration
                                                                    
                                                                                                                                                                                                       
                                                                        Healthcare sector knowledge
                                                                    
                                                                                                                                                                                                       
                                                                        Digital health
                                                                    
                                                                                                                                                                                                       
                                                                        Life Sciences
                                                                    
                                                                                                                                                                                                       
                                                                        Technology
                                                                    
                                                                                                                                                                                                       
                                                                        Management Consulting
                                                                    
                                                                                                                                                                                                       
                                                                        Communication Skills
                                                                    
                                                                                                                                                                                                       
                                                                        Multi-stakeholder program management
                                                                    
                                                                                                                                                                                                       
                                                                        Clinical research familiarity
                                                                    
                                                                                                                                                                                                       
                                                                        Responsible AI considerations/Job Details
                                                                                                        
                                                            
                                                            
                                                                                                                                                                            
                                                            
                                                                
    
                                                                    Total Positions:
                                                                
                                                                
                                                                    1 Post
                                                                
    
                                                            
                                                            
                                                                                                                
                                                                
    
                                                                    Job Shift:
                                                                
                                                                
                                                                    First Shift (Day)
    
                                                                
    
                                                            
                                                            
                                                                                                                    
                                                                
                                                                    Job Type:
                                                                
                                                                 First Shift (Day)
                                                            
                                                            
                                                            
                                                                                                           
                                                            
                                                                
                                                                                                                                         Job Location:
                                                                                                                                    
                                                                
                                                                                                                                            
                                                                                                                                                                                                                                                                                                            Karachi,
                                                                                                                                                                                                                                                                                            Pakistan
                                                                
                                                            
                                                        
                                                        

            
                                                            
                                                            
                                                                                                                    
                                                                
                                                                    Gender:
                                                                
                                                                
                                                                    No Preference
    
                                                                
                                                            
    
                                                                
                                                                
                                                                                                                        
                                                                                                                                                                                    
                                                                    
                                                                        Age:
                                                                    
                                                                    
                                                                        18 - 65 Years
                                                                    
                                                                
                                                                                                                        
                                                                                                                    
                                                                
    
                                                                    Minimum Education:
                                                                
                                                                
                                                                    Bachelors
                                                                
    
                                                            
                                                                                                                                                                                                                                    
                                                                
    
                                                                    Career Level:
                                                                
                                                                
                                                                    Mid-Level
                                                                
    
                                                            
                                                                                                                
                                                                                                                                                                                    
                                                                    
                                                                        Experience:
                                                                    
                                                                    
                                                                        3 Years - 5 Years 
                                                                    
                                                                
                                                                                                                    
                                                                                                            
                                                        
    
    
                                                                                                                                                                            
                                                            
                                                            
                                                            
                                                            
                                                            
                                                                
    
                                                                    Apply Before:
                                                                
                                                                
                                                                    Nov 30, 2025
                                                                
    
                                                            
                                                            
                                                            
                                                            
                                                                
    
                                                                    Posting Date:
                                                                
                                                                
                                                                    Oct 30, 2025/First Shift (Day)/Karachi/Pakistan",Karachi,No Preference,Bachelors,Mid-Level,N/A,"Nov 30, 2025","Oct 30, 2025"
Karachi,"Senior Manager, Performance",https://www.rozee.pk/senior-manager-performance-karachi-jobs-1661702?utm_source=jobSearch&utm_medium=website&utm_content=jobSearch_1661702&utm_campaign=ROZEE.PK_job_search&utm_term=undefined,foodpanda,javascript:;,Karachi,N/A,1846 views,Posted 6 hours ago,Null,"SQL, Teamwork, Communication, Storytelling, Presentation, business strategy, Data Analysis, Looker Studio, Excel, Statistics, Problem-Solving, Budgeting, Planning, Financial Analysis, Business, Computer Science, Mathematics",N/A,N/A,1 Post,First Shift (Day),First Shift (Day),Karachi,No Preference,Bachelors,Manager,N/A,"Nov 30, 2025","Oct 30, 2025"
Karachi,LTV Driver for Suzuki Pickup,https://www.rozee.pk/ltv-driver-for-suzuki-pickup-karachi-jobs-1743314?utm_source=jobSearch&utm_medium=website&utm_content=jobSearch_1743314&utm_campaign=ROZEE.PK_job_search&utm_term=undefined,Netline Pvt,javascript:;,Karachi,"PKR. 35,000 - 35,000/Month",27 views,Posted 6 hours ago,Null,"Valid LTV Driving License, Basic knowledge of electrical items, Reading and Writing Skills, Punctuality, Discipline, Trustworthiness, Vehicle Maintenance, Record Keeping",N/A,N/A,1 Post,First Shift (Day),First Shift (Day),Karachi,No Preference,Bachelors,Entry Level,N/A,"Nov 30, 2025","Oct 30, 2025"
Karachi,Customer Sales Reps,https://www.rozee.pk/customer-sales-reps-karachi-jobs-1743308?utm_source=jobSearch&utm_medium=website&utm_content=jobSearch_1743308&utm_campaign=ROZEE.PK_job_search&utm_term=undefined,Mars BPO,javascript:;,Karachi,"PKR. 35,000 - 35,000/Month",13 views,Posted 6 hours ago,Null,"المحاسبة للشركات, Confidence and professionalism with U.S., Ability to work well in a team, Customer Service, Outbound Calling, Multi-channel customer support (phone, email, chat)",N/A,N/A,1 Post,First Shift (Day),First Shift (Day),Karachi,No Preference,Bachelors,Entry Level,N/A,"Nov 30, 2025","Oct 30, 2025"
Karachi,HR Intern/ Front Desk (Female),https://www.rozee.pk/hr-intern-front-desk-female-karachi-jobs-1743306?utm_source=jobSearch&utm_medium=website&utm_content=jobSearch_1743306&utm_campaign=ROZEE.PK_job_search&utm_term=undefined,Mars BPO,javascript:;,Karachi,"PKR. 20,000 - 20,000/Month",11 views,Posted 6 hours ago,Null,"Human Resources, Recruitment, Employee Relations, Onboarding, HR Project Initiatives, Confidentiality, Communication Skills, Interpersonal Skills, Organizational Skills, Microsoft Office (Word, Excel, PowerPoint), Data Entry, Teamwork, Independent Work",N/A,N/A,1 Post,First Shift (Day),Internship,Karachi,Male,Bachelors,Entry Level,N/A,"Nov 30, 2025","Oct 30, 2025"
Karachi,DME Call Agent (USA-Based Campaign),https://www.rozee.pk/dme-call-agent-usa-based-campaign-karachi-jobs-1743298?utm_source=jobSearch&utm_medium=website&utm_content=jobSearch_1743298&utm_campaign=ROZEE.PK_job_search&utm_term=undefined,dorsum,javascript:;,Karachi,"PKR. 20,000 - 20,000/Month",12 views,Posted 6 hours ago,Null,"Handling DME calls, Sales Processes, Excellent Communication, Fluent English, Interpersonal Skills, Customer Service, Call Center Experience",N/A,N/A,1 Post,First Shift (Day),First Shift (Day),Karachi,No Preference,Bachelors,Entry Level,N/A,"Nov 30, 2025","Oct 30, 2025"
Karachi,International Sales Representative,https://www.rozee.pk/international-sales-representative-karachi-jobs-1743294?utm_source=jobSearch&utm_medium=website&utm_content=jobSearch_1743294&utm_campaign=ROZEE.PK_job_search&utm_term=undefined,Mars BPO,javascript:;,Karachi,"PKR. 35,000 - 35,000/Month",7 views,Posted 6 hours ago,Null,"Fluent English Communication, Lead Generation, Customer Relationship Management, Documentation and Record Keeping, Problem Solving, Collaboration",N/A,N/A,1 Post,First Shift (Day),First Shift (Day),Karachi,No Preference,N/A,Entry Level,N/A,"Nov 30, 2025","Oct 30, 2025"
Karachi,Self Sales Closer (Night Shift),https://www.rozee.pk/self-sales-closer-night-shift-karachi-jobs-1743290?utm_source=jobSearch&utm_medium=website&utm_content=jobSearch_1743290&utm_campaign=ROZEE.PK_job_search&utm_term=undefined,Mars BPO,javascript:;,Karachi,"PKR. 40,000 - 40,000/Month",13 views,Posted 6 hours ago,Null,"Strong English Communication, Negotiation Skills, Lead Management, Inbound and outbound calls handling, Customer Query Resolution, Sales Closing, working night shifts",N/A,N/A,1 Post,First Shift (Day),First Shift (Day),Karachi,No Preference,Bachelors,Entry Level,N/A,"Nov 30, 2025","Oct 30, 2025"
Karachi,Business Development & Corporate Relations Executive,https://www.rozee.pk/business-development-corporate-relations-executive-karachi-jobs-1743286?utm_source=jobSearch&utm_medium=website&utm_content=jobSearch_1743286&utm_campaign=ROZEE.PK_job_search&utm_term=undefined,Iberianz,javascript:;,Karachi,"PKR. 70,000 - 70,000/Month",7 views,Posted 6 hours ago,Null,"Communication, Presentation, Cold Calling, LinkedIn Networking, Client Follow-ups, Video Content Creation, CRM Tools, Sales, Marketing, HR Services, Digital savvy",N/A,N/A,1 Post,First Shift (Day),First Shift (Day),Karachi,No Preference,Bachelors,Entry Level,N/A,"Nov 30, 2025","Oct 30, 2025"
Lahore,Senior WordPress Developer,https://www.rozee.pk/ninja-softs-pvt-limited-senior-wordpress-developer-islamabadlahorerawalpindigujranwalagujratkharianlalamusawah-cantt-jobs-1736112?utm_source=jobSearch&utm_medium=website&utm_content=jobSearch_1736112&utm_campaign=ROZEE.PK_job_search&utm_term=undefined,Ninja Softs (PVT) Limited,//www.rozee.pk/company/ninja-softs-pvt-limited,Multiple Cities,N/A,854 views,"Posted Oct 23, 2025",Null,"HTML5, CSS3, WP, WooCommerce, MySQL, Jquery",Information Technology,Software & Web Development,1 Post,First Shift (Day),Full Time/Permanent,"Islamabad, Gujranwala, Lahore, Rawalpindi, Gujrat, Kharian, Wah Cantt, Lalamusa",No Preference,Bachelors,Experienced Professional,N/A,"Nov 08, 2025","Oct 23, 2025"
Lahore,Sales Agent,https://www.rozee.pk/ba-communication-services-sales-agent-lahore-jobs-1726288?utm_source=jobSearch&utm_medium=website&utm_content=jobSearch_1726288&utm_campaign=ROZEE.PK_job_search&utm_term=undefined,BA Communication Services,//www.rozee.pk/company/ba-communication-services,Lahore,"PKR. 35,000 - 40,000/Month",137 views,"Posted Oct 11, 2025",Null,"Bulk Sales, Communication Skills, Sales Management, Sales Operations, Sales Automation",Call Center,Sales & Business Development,20 Posts,Second Shift (Afternoon),Full Time/Permanent,Lahore,No Preference,Bachelors,Experienced Professional,N/A,"Nov 11, 2025","Oct 11, 2025"
Lahore,Administrative Executive,https://www.rozee.pk/affinityvibez-pvt-ltd-administrative-executive-lahore-jobs-1738764?utm_source=jobSearch&utm_medium=website&utm_content=jobSearch_1738764&utm_campaign=ROZEE.PK_job_search&utm_term=undefined,AffinityVibez Pvt Ltd,//www.rozee.pk/company/affinityvibez-pvt-ltd1,Lahore,N/A,226 views,Posted 5 days ago,Null,"Admin Assistantce, Project Administration, Administrative Management",Business Development,Administration,1 Post,First Shift (Day),Full Time/Permanent,Lahore,Female,Bachelors,Experienced Professional,3 Years,"Nov 16, 2025","Oct 24, 2025"
Lahore,Front end Developer Intern,https://www.rozee.pk/front-end-developer-intern-lahore-jobs-1743346?utm_source=jobSearch&utm_medium=website&utm_content=jobSearch_1743346&utm_campaign=ROZEE.PK_job_search&utm_term=undefined,Astute Softwares,javascript:;,Lahore,"PKR. 10,000 - 10,000/Month",17 views,Posted 6 hours ago,Null,"HTML, CSS, JavaScript, React (preferred), Vue.js (preferred), Responsive Design, Code Reviews, Debugging, Team Collaboration",N/A,N/A,1 Post,First Shift (Day),First Shift (Day),Lahore,No Preference,Bachelors,Entry Level,N/A,"Nov 30, 2025","Oct 30, 2025"
Lahore,"Trainee Accountant (ACCA/CA, Fresh Graduates)",https://www.rozee.pk/trainee-accountant-accaca-fresh-graduates-lahore-jobs-1743344?utm_source=jobSearch&utm_medium=website&utm_content=jobSearch_1743344&utm_campaign=ROZEE.PK_job_search&utm_term=undefined,A Accountant,javascript:;,Lahore,"PKR. 50,000 - 50,000/Month",35 views,Posted 6 hours ago,Null,"Accounting Operations, QuickBooks Online, Financial Reporting, Bookkeeping, Bank and card reconciliations, MS Excel, Communication Skills, Organizational Skills, Detail-oriented",N/A,N/A,1 Post,First Shift (Day),First Shift (Day),Lahore,No Preference,Bachelors,Entry Level,N/A,"Nov 30, 2025","Oct 30, 2025"
Lahore,Customer Sales Representative (Fresher)(6:45pm-4:00am),https://www.rozee.pk/customer-sales-representative-fresher645pm-400am-lahore-jobs-1743342?utm_source=jobSearch&utm_medium=website&utm_content=jobSearch_1743342&utm_campaign=ROZEE.PK_job_search&utm_term=undefined,Noah Pro Max,javascript:;,Lahore,"PKR. 40,000 - 40,000/Month",25 views,Posted 6 hours ago,Null,"Excellent English Communication Skills, Strong negotiation and persuasion abilities, Proficiency in CRM Software, Proficiency in Microsoft Office Tools, Ability To Work Night Shifts, Lead Generation, Customer Engagement, Sales and Target Achievement, Client Relationship Management",N/A,N/A,1 Post,First Shift (Day),First Shift (Day),Lahore,No Preference,N/A,Entry Level,N/A,"Nov 30, 2025","Oct 30, 2025"
Lahore,Accounts Assistant,https://www.rozee.pk/accounts-assistant-lahore-jobs-1743340?utm_source=jobSearch&utm_medium=website&utm_content=jobSearch_1743340&utm_campaign=ROZEE.PK_job_search&utm_term=undefined,Madina Auto industries,javascript:;,Lahore,"PKR. 40,000 - 40,000/Month",45 views,Posted 6 hours ago,Null,"Accounting, Financial Record-Keeping, Data Entry, Basic financial reporting, Auditing, Accounting Software Proficiency, MS Office, Numerical Skills, Analytical Skills, Organizational Skills, Communication Skills, Willingness To Learn",N/A,N/A,1 Post,First Shift (Day),First Shift (Day),Lahore,No Preference,Bachelors,Entry Level,N/A,"Nov 30, 2025","Oct 30, 2025"
Lahore,Scheduling & Vendor Coordinator,https://www.rozee.pk/scheduling-vendor-coordinator-lahore-jobs-1743338?utm_source=jobSearch&utm_medium=website&utm_content=jobSearch_1743338&utm_campaign=ROZEE.PK_job_search&utm_term=undefined,Avore PVT,javascript:;,Lahore,"PKR. 25,000 - 25,000/Month",10 views,Posted 6 hours ago,Null,"Scheduling, Operations Coordination, Vendor Management, client service scheduling, Communication Skills, Organizational Skills, Multitasking, MS Office, CRM Tools, Cold Calling, English Proficiency, Arabic proficiency (plus)",N/A,N/A,1 Post,First Shift (Day),Contract,Lahore,No Preference,Bachelors,Entry Level,N/A,"Nov 30, 2025","Oct 30, 2025"
Lahore,HR Intern,https://www.rozee.pk/hr-intern-lahore-jobs-1743328?utm_source=jobSearch&utm_medium=website&utm_content=jobSearch_1743328&utm_campaign=ROZEE.PK_job_search&utm_term=undefined,Bit Card,javascript:;,Lahore,"PKR. 35,000 - 35,000/Month",16 views,Posted 6 hours ago,Null,"Recruitment Support, Onboarding, Employee Engagement, Communication Skills, Organizational Skills, Proficiency in MS Office or Google Workspace",N/A,N/A,1 Post,First Shift (Day),First Shift (Day),Lahore,No Preference,Bachelors,Entry Level,N/A,"Nov 30, 2025","Oct 30, 2025"
Lahore,Content Writer,https://www.rozee.pk/content-writer-lahore-jobs-1743326?utm_source=jobSearch&utm_medium=website&utm_content=jobSearch_1743326&utm_campaign=ROZEE.PK_job_search&utm_term=undefined,PGG,javascript:;,Lahore,"PKR. 60,000 - 60,000/Month",18 views,Posted 6 hours ago,Null,"Content Writing, Creative Thinking, Idea Generation, Social Media Content, Viral Content Creation, Audience Engagement",N/A,N/A,1 Post,First Shift (Day),First Shift (Day),Lahore,No Preference,Bachelors,Entry Level,N/A,"Nov 30, 2025","Oct 30, 2025"
Lahore,"Manager, Risk and Fraud",https://www.rozee.pk/manager-risk-and-fraud-lahore-jobs-1664412?utm_source=jobSearch&utm_medium=website&utm_content=jobSearch_1664412&utm_campaign=ROZEE.PK_job_search&utm_term=undefined,foodpanda,javascript:;,Lahore,N/A,1553 views,Posted 6 hours ago,Null,"Risk Analysis, Fraud Detection, Fraud rules development, Data Analysis, SQL, Python, Business Intelligence/Dashboards, Project Management, Process Optimization, Interpersonal Communication, Technical Communication, Stakeholder Management, Cross-functional Collaboration",N/A,N/A,1 Post,First Shift (Day),First Shift (Day),Lahore,No Preference,Bachelors,Manager,N/A,"Nov 30, 2025","Oct 30, 2025"
Lahore,"Expert, Quality (Fraud Analyst)",https://www.rozee.pk/expert-quality-fraud-analyst-lahore-jobs-1743320?utm_source=jobSearch&utm_medium=website&utm_content=jobSearch_1743320&utm_campaign=ROZEE.PK_job_search&utm_term=undefined,foodpanda,javascript:;,Lahore,N/A,10 views,Posted 6 hours ago,Null,"SQL, Excel, Tableau, Power BI, looker, Analytical Skills, Stakeholder Management, Detail-oriented, Proactive, Adaptability",N/A,N/A,1 Post,First Shift (Day),First Shift (Day),Lahore,No Preference,N/A,Mid-Level,N/A,"Nov 30, 2025","Oct 30, 2025"
Lahore,Quality Assurance Executive,https://www.rozee.pk/affinityvibez-pvt-ltd-quality-assurance-executive-lahore-jobs-1738762?utm_source=jobSearch&utm_medium=website&utm_content=jobSearch_1738762&utm_campaign=ROZEE.PK_job_search&utm_term=undefined,AffinityVibez Pvt Ltd,//www.rozee.pk/company/affinityvibez-pvt-ltd1,Lahore,N/A,114 views,Posted 5 days ago,Null,"Software Quality Review, Software Quality Management, Warranty Quality Assurance Process",Business Development,Quality Assurance (QA),1 Post,First Shift (Day),Full Time/Permanent,Lahore,Female,Bachelors,Experienced Professional,2 Years,"Nov 16, 2025","Oct 24, 2025"
Lahore,Graphics Designer & AI Image Generation Specialist,https://www.rozee.pk/graphics-designer-ai-image-generation-specialist-lahore-jobs-1743312?utm_source=jobSearch&utm_medium=website&utm_content=jobSearch_1743312&utm_campaign=ROZEE.PK_job_search&utm_term=undefined,Meta Group,javascript:;,Lahore,"PKR. 15,000 - 15,000/Month",11 views,Posted 6 hours ago,Null,"GPT-based tools), Motion design techniques, cinemagraphs, Animated Graphics, AI-driven editing workflows, inpainting, image upscaling, Collaborative Teamwork, Project Management, Multi-platform design adaptation, Visual hierarchy and composition, Writing structured prompts in JSON and XML, Graphic Design, Gemini Image Generator, Leonardo Ai, runway, DALL·E, AI image generation platforms (Midjourney, Canva, Figma, Adobe Illustrator, Adobe Photoshop, Visual Content Creation",N/A,N/A,1 Post,First Shift (Day),First Shift (Day),Lahore,No Preference,Bachelors,Entry Level,N/A,"Nov 30, 2025","Oct 30, 2025"
Lahore,Business Manager,https://www.rozee.pk/business-manager-lahore-jobs-1661694?utm_source=jobSearch&utm_medium=website&utm_content=jobSearch_1661694&utm_campaign=ROZEE.PK_job_search&utm_term=undefined,foodpanda,javascript:;,Lahore,N/A,1224 views,Posted 6 hours ago,Null,Null,N/A,N/A,1 Post,First Shift (Day),First Shift (Day),Lahore,No Preference,N/A,Mid-Level,N/A,"Nov 30, 2025","Oct 30, 2025"
Lahore,Associate Business Developer,https://www.rozee.pk/associate-business-developer-lahore-jobs-1743302?utm_source=jobSearch&utm_medium=website&utm_content=jobSearch_1743302&utm_campaign=ROZEE.PK_job_search&utm_term=undefined,First Sol,javascript:;,Lahore,N/A,4 views,Posted 6 hours ago,Null,"Business Development, Communication, Negotiation, Client Relationship Building, Lead Generation, Upwork, Linkedin",N/A,N/A,1 Post,First Shift (Day),Contract,Lahore,No Preference,Bachelors,Entry Level,N/A,"Nov 30, 2025","Oct 30, 2025"
Lahore,Customer care Agent,https://www.rozee.pk/customer-care-agent-lahore-jobs-1743300?utm_source=jobSearch&utm_medium=website&utm_content=jobSearch_1743300&utm_campaign=ROZEE.PK_job_search&utm_term=undefined,AV Private,javascript:;,Lahore,"PKR. 60,000 - 60,000/Month",9 views,Posted 6 hours ago,Null,"Customer Service, Technical Support, Microsoft Office Proficiency, Organizational Skills, Communication Skills, Confidentiality Management",N/A,N/A,1 Post,First Shift (Day),First Shift (Day),Lahore,No Preference,Bachelors,Entry Level,N/A,"Nov 30, 2025","Oct 30, 2025"
Lahore,Client Service Representative,https://www.rozee.pk/client-service-representative-lahore-jobs-1743296?utm_source=jobSearch&utm_medium=website&utm_content=jobSearch_1743296&utm_campaign=ROZEE.PK_job_search&utm_term=undefined,Mayo Sons Tel Pvt,javascript:;,Lahore,"PKR. 30,000 - 30,000/Month",12 views,Posted 6 hours ago,Null,"Fluency In English, Strong Communication and Interpersonal Skills, المحاسبة للشركات, Basic Computer Proficiency, Customer Service, Phone Communication",N/A,N/A,1 Post,First Shift (Day),First Shift (Day),Lahore,No Preference,Bachelors,Entry Level,N/A,"Nov 30, 2025","Oct 30, 2025"
Lahore,IT Support Specialist,https://www.rozee.pk/it-support-specialist-lahore-jobs-1743292?utm_source=jobSearch&utm_medium=website&utm_content=jobSearch_1743292&utm_campaign=ROZEE.PK_job_search&utm_term=undefined,Fazmec snc,javascript:;,Lahore,N/A,16 views,Posted 6 hours ago,Null,"Windows operating systems installation and, Hardware Management, Microsoft 365 Admin Center, SharePoint, Power Automate, Open-source software research and evaluation, Software installation and license management, Basic website management (WordPress or other CMS), English communication and documentation, Basic HTML",N/A,N/A,1 Post,First Shift (Day),First Shift (Day),Lahore,No Preference,Bachelors,Entry Level,N/A,"Nov 30, 2025","Oct 30, 2025"
Lahore,Customer Service Officer,https://www.rozee.pk/customer-service-officer-lahore-jobs-1743288?utm_source=jobSearch&utm_medium=website&utm_content=jobSearch_1743288&utm_campaign=ROZEE.PK_job_search&utm_term=undefined,Care Group,javascript:;,Lahore,"PKR. 40,000 - 40,000/Month",26 views,Posted 6 hours ago,Null,"Excellent Verbal and Written Communication, Computer Proficiency, Multitasking, Technical Support, Customer Service, Handling inbound and outbound calls, Adaptability to rotational shifts",N/A,N/A,1 Post,First Shift (Day),First Shift (Day),Lahore,Male,Bachelors,Entry Level,N/A,"Nov 30, 2025","Oct 30, 2025"
Lahore,Financial Research Analyst,https://www.rozee.pk/financial-research-analyst-lahore-jobs-1743280?utm_source=jobSearch&utm_medium=website&utm_content=jobSearch_1743280&utm_campaign=ROZEE.PK_job_search&utm_term=undefined,iq Research,javascript:;,Lahore,"PKR. 59,999 - 59,999/Month",5 views,Posted 6 hours ago,Null,"MS Excel, Google Sheets, Internet Research, Data Tools, Numerical Analysis, Financial Market Knowledge, Analytical Skills, Detail-oriented, Problem-Solving, English Fluency",N/A,N/A,1 Post,First Shift (Day),"2iQ is the world’s leading provider of Insider Transaction Data, covering over 60,000 global stocks. We empower investors, hedge funds, asset managers, and quantitative analysts worldwide with critical insights that enable smarter and faster investment decisions. We are currently looking for analytical and detail-oriented Analysts who have a passion for financial markets to join our growing team. In this role, you will analyze stock exchange filings, research director transactions, and uncover valuable insights that influence investment strategies on a global scale.Key Responsibilities  - Review and analyze corporate filings from publicly listed companies to identify insider trading activities.  - Research each transaction thoroughly to understand its context, including mergers, acquisitions, takeovers, or new stock issues.  - Extract, categorize, and maintain insider transaction data within our proprietary database system.  - Collaborate with global team members to ensure data accuracy, consistency, and quality.  - Support the maintenance and development of new research databases to enhance data offerings.Required Qualifications  - Bachelor’s or Master’s degree in Business, Finance, Accounting, or a related discipline.  - 0–1 year of experience; fresh graduates with relevant skills are encouraged to apply.  - Strong proficiency in MS Excel or Google Sheets, along with internet research and data management tools.  - Fluent in English, both written and spoken.  - Excellent numerical and analytical skills, with a solid understanding of financial markets.  - Highly organized, detail-oriented, and proactive in identifying and solving problems.Preferred Qualifications and Benefits  - Exceptional attention to detail, strong analytical abilities, and sound decision-making skills are highly valued.  - Competitive salary package.  - Medical benefits and rotational shift allowance.  - A positive and structured work environment that supports career growth.  - Opportunities for continuous training and professional development.Join 2iQ and become part of a global data powerhouse that values curiosity, precision, and growth. This is an excellent opportunity to launch your career in finance, research, or data analytics while learning from industry leaders in a supportive and innovative setting.Job Type: Full-time  Salary: Rs59,999 - Rs60,000 per month  Work Location: On-site/Skills 
                                            
                                                            
                                                                                                                                                                                                      
                                                                        MS Excel
                                                                    
                                                                                                                                                                                                       
                                                                        Google Sheets
                                                                    
                                                                                                                                                                                                       
                                                                        Internet Research
                                                                    
                                                                                                                                                                                                       
                                                                        Data Tools
                                                                    
                                                                                                                                                                                                       
                                                                        Numerical Analysis
                                                                    
                                                                                                                                                                                                       
                                                                        Financial Market Knowledge
                                                                    
                                                                                                                                                                                                       
                                                                        Analytical Skills
                                                                    
                                                                                                                                                                                                       
                                                                        Detail-oriented
                                                                    
                                                                                                                                                                                                       
                                                                        Problem-Solving
                                                                    
                                                                                                                                                                                                       
                                                                        English Fluency/Job Details
                                                                                                        
                                                            
                                                            
                                                                                                                                                                            
                                                            
                                                                
    
                                                                    Total Positions:
                                                                
                                                                
                                                                    1 Post
                                                                
    
                                                            
                                                            
                                                                                                                
                                                                
    
                                                                    Job Shift:
                                                                
                                                                
                                                                    First Shift (Day)
    
                                                                
    
                                                            
                                                            
                                                                                                                    
                                                                
                                                                    Job Type:
                                                                
                                                                 First Shift (Day)
                                                            
                                                            
                                                            
                                                                                                           
                                                            
                                                                
                                                                                                                                         Job Location:
                                                                                                                                    
                                                                
                                                                                                                                            
                                                                                                                                                                                                                                                                                                            Lahore,
                                                                                                                                                                                                                                                                                            Pakistan
                                                                
                                                            
                                                        
                                                        

            
                                                            
                                                            
                                                                                                                    
                                                                
                                                                    Gender:
                                                                
                                                                
                                                                    No Preference
    
                                                                
                                                            
    
                                                                
                                                                
                                                                                                                        
                                                                                                                                                                                    
                                                                    
                                                                        Age:
                                                                    
                                                                    
                                                                        18 - 65 Years
                                                                    
                                                                
                                                                                                                        
                                                                                                                    
                                                                
    
                                                                    Minimum Education:
                                                                
                                                                
                                                                    Bachelors
                                                                
    
                                                            
                                                                                                                                                                                                                                    
                                                                
    
                                                                    Career Level:
                                                                
                                                                
                                                                    Entry Level
                                                                
    
                                                            
                                                                                                                
                                                                                                                                                                                    
                                                                    
                                                                        Maximum Experience:
                                                                    
                                                                    
                                                                        2 Years
                                                                    
                                                                
                                                                                                                    
                                                                                                            
                                                        
    
    
                                                                                                                                                                            
                                                            
                                                            
                                                            
                                                            
                                                            
                                                                
    
                                                                    Apply Before:
                                                                
                                                                
                                                                    Nov 30, 2025
                                                                
    
                                                            
                                                            
                                                            
                                                            
                                                                
    
                                                                    Posting Date:
                                                                
                                                                
                                                                    Oct 30, 2025/First Shift (Day)/Lahore/Pakistan",Lahore,No Preference,Bachelors,Entry Level,N/A,"Nov 30, 2025","Oct 30, 2025"
Lahore,Lead UX / UI / Interactive Designer,https://www.rozee.pk/moris-n-haris-lead-ux-ui-interactive-designer-lahore-jobs-1741468?utm_source=jobSearch&utm_medium=website&utm_content=jobSearch_1741468&utm_campaign=ROZEE.PK_job_search&utm_term=undefined,Null,//www.rozee.pk/company/moris-n-haris,"Moris n Haris 
                                                    
                                                                    
                                                                                                            PKR 150",N/A,Null,Null,Null,Null,N/A,N/A,N/A,N/A,N/A,N/A,N/A,N/A,N/A,N/A,"Nov 30, 2025","Oct 29, 2025"
Lahore,Digital 3D Artist / Asset Optimizer,https://www.rozee.pk/moris-n-haris-digital-3d-artist-asset-optimizer-lahore-jobs-1741470?utm_source=jobSearch&utm_medium=website&utm_content=jobSearch_1741470&utm_campaign=ROZEE.PK_job_search&utm_term=undefined,Null,//www.rozee.pk/company/moris-n-haris,"Moris n Haris 
                                                    
                                                                    
                                                                                                            PKR 300",N/A,Null,Null,Null,Null,N/A,N/A,N/A,N/A,N/A,N/A,N/A,N/A,N/A,N/A,"Nov 30, 2025","Oct 29, 2025"
Lahore,Freelance Opportunity: Lead UX/UI & Interactive Designer,https://www.rozee.pk/moris-n-haris-freelance-opportunity-lead-uxui-interactive-designer-lahore-jobs-1741462?utm_source=jobSearch&utm_medium=website&utm_content=jobSearch_1741462&utm_campaign=ROZEE.PK_job_search&utm_term=undefined,Null,//www.rozee.pk/company/moris-n-haris,"Moris n Haris 
                                                    
                                                                    
                                                                                                            PKR 200",N/A,Null,Null,Null,Null,N/A,N/A,N/A,N/A,N/A,N/A,N/A,N/A,N/A,N/A,"Nov 30, 2025","Oct 29, 2025"
Lahore,Salesman,https://www.rozee.pk/salesman-lahore-jobs-1743274?utm_source=jobSearch&utm_medium=website&utm_content=jobSearch_1743274&utm_campaign=ROZEE.PK_job_search&utm_term=undefined,Jalal Sons,javascript:;,Lahore,"PKR. 23,000 - 23,000/Month",13 views,Posted 7 hours ago,Null,"Customer Service, Communication, Interpersonal Skills, Product Knowledge, Retail Operations, Multitasking",N/A,N/A,1 Post,First Shift (Day),First Shift (Day),Lahore,No Preference,N/A,Entry Level,N/A,"Nov 30, 2025","Oct 30, 2025"
Lahore,Maintenance Incharge,https://www.rozee.pk/maintenance-incharge-lahore-jobs-1743264?utm_source=jobSearch&utm_medium=website&utm_content=jobSearch_1743264&utm_campaign=ROZEE.PK_job_search&utm_term=undefined,INTERNATIONAL PHARMA LABS,javascript:;,Lahore,"PKR. 80,000 - 80,000/Month",16 views,Posted 7 hours ago,Null,"Maintenance Management, Safety standards and regulatory compliance, Root Cause Analysis, Team Management And Development, GMP and cGMP principles, Maintenance documentation and scheduling, Budget Management, Inventory Monitoring, Communication, Leadership",N/A,N/A,1 Post,First Shift (Day),First Shift (Day),Lahore,No Preference,Bachelors,Entry Level,N/A,"Nov 30, 2025","Oct 30, 2025"
Lahore,Front Desk Officer - Hospitality Industry,https://www.rozee.pk/front-desk-officer-hospitality-industry-lahore-jobs-1743262?utm_source=jobSearch&utm_medium=website&utm_content=jobSearch_1743262&utm_campaign=ROZEE.PK_job_search&utm_term=undefined,Book N rent,javascript:;,Lahore,"PKR. 40,000 - 40,000/Month",17 views,Posted 7 hours ago,Null,"Customer Service, Hospitality Industry Knowledge, Communication Skills, Organizational Skills, Multitasking, Property Management Systems (Munshi 10, OPERA, Host Away), Microsoft Office Suite, Multilingual (preferred), Cash Handling, Conflict Resolution, professional demeanor",N/A,N/A,1 Post,First Shift (Day),First Shift (Day),Lahore,No Preference,Bachelors,Entry Level,N/A,"Nov 30, 2025","Oct 30, 2025"
Lahore,Google Ads Specialist – Remote,https://www.rozee.pk/google-ads-specialist-%e2%80%93-remote-lahore-jobs-1743256?utm_source=jobSearch&utm_medium=website&utm_content=jobSearch_1743256&utm_campaign=ROZEE.PK_job_search&utm_term=undefined,Bridgeway Solution,javascript:;,Lahore,"PKR. 150,000 - 150,000/Month",6 views,Posted 7 hours ago,Null,"Google Ads, Google Analytics, Google Tag Manager, Campaign Management, Keyword Research, Ad copy testing, Conversion Tracking, Data Analysis, Reporting, Communication Skills, Proactive, remote work",N/A,N/A,1 Post,First Shift (Day),First Shift (Day),Lahore,No Preference,Bachelors,Entry Level,N/A,"Nov 30, 2025","Oct 30, 2025"
Lahore,Junior .NET Developer,https://www.rozee.pk/optimedia-pvt-ltd-junior-net-developer-lahore-jobs-1743252?utm_source=jobSearch&utm_medium=website&utm_content=jobSearch_1743252&utm_campaign=ROZEE.PK_job_search&utm_term=undefined,Optimedia (Pvt) Ltd.,//www.rozee.pk/company/optimedia-pvt-ltd,Lahore,"PKR. 50,000 - 80,000/Month",16 views,Posted 7 hours ago,Null,"HTML, SQL Server, ASP.NET MVC, .NET, Entity FrameWork, Ado.Net",Advertising / PR,Software & Web Development,1 Post,First Shift (Day),Full Time/Permanent,Lahore,No Preference,Bachelors,Entry Level,N/A,"Nov 30, 2025","Oct 30, 2025"
Lahore,Null,https://www.rozee.pk/riphah-international-university-finance-executive-lahore-jobs-1743230?utm_source=jobSearch&utm_medium=website&utm_content=jobSearch_1743230&utm_campaign=ROZEE.PK_job_search&utm_term=undefined,Null,Null,Null,N/A,Null,Null,Null,Null,N/A,N/A,N/A,N/A,N/A,N/A,N/A,N/A,N/A,N/A,N/A,N/A
Lahore,Female Personal Assistant to Director,https://www.rozee.pk/female-personal-assistant-to-director-lahore-jobs-1743244?utm_source=jobSearch&utm_medium=website&utm_content=jobSearch_1743244&utm_campaign=ROZEE.PK_job_search&utm_term=undefined,Mohkaab Enterprise,javascript:;,Lahore,"PKR. 60,000 - 60,000/Month",7 views,Posted 7 hours ago,Null,"Verbal and Written Communication, Coordination, Organizational Skills, Multitasking, MS Office (Word, Excel, Outlook), Basic Computer Skills, Time Management, Confidentiality, Professionalism",N/A,N/A,1 Post,First Shift (Day),First Shift (Day),Lahore,Male,Bachelors,Entry Level,N/A,"Nov 30, 2025","Oct 30, 2025"
Lahore,Virtual Assistant – Influencer Outreach Specialist – Remote,https://www.rozee.pk/virtual-assistant-%e2%80%93-influencer-outreach-specialist-%e2%80%93-remote-lahore-jobs-1743242?utm_source=jobSearch&utm_medium=website&utm_content=jobSearch_1743242&utm_campaign=ROZEE.PK_job_search&utm_term=undefined,Bridgeway Solution,javascript:;,Lahore,"PKR. 130,000 - 130,000/Month",9 views,Posted 7 hours ago,Null,"influencer outreach, Social Media Marketing, instagram, TikTok, YouTube, Communication Skills, Negotiation Skills, Organizational Skills, Independent Work, Influencer management tools, CRM",N/A,N/A,1 Post,First Shift (Day),First Shift (Day),Lahore,No Preference,N/A,Mid-Level,N/A,"Nov 30, 2025","Oct 30, 2025"
Lahore,GMB Expert,https://www.rozee.pk/gmb-expert-lahore-jobs-1743240?utm_source=jobSearch&utm_medium=website&utm_content=jobSearch_1743240&utm_campaign=ROZEE.PK_job_search&utm_term=undefined,DS Marketing Agency,javascript:;,Lahore,"PKR. 30,000 - 30,000/Month",3 views,Posted 7 hours ago,Null,"Google my business management, Local SEO, local search algorithms, Ranking Factors, Customer review management, Content creation for GMB posts, Performance data tracking and analysis",N/A,N/A,1 Post,First Shift (Day),First Shift (Day),Lahore,No Preference,Bachelors,Entry Level,N/A,"Nov 30, 2025","Oct 30, 2025"
Lahore,Officer Cleaner,https://www.rozee.pk/officer-cleaner-lahore-jobs-1743238?utm_source=jobSearch&utm_medium=website&utm_content=jobSearch_1743238&utm_campaign=ROZEE.PK_job_search&utm_term=undefined,Care Group,javascript:;,Lahore,"PKR. 27,000 - 27,000/Month",15 views,Posted 7 hours ago,Null,"Honesty, Responsibility, Cleaning Duties, restroom maintenance, Polite and respectful demeanor, Ability to follow Instructions, ability to work full-time, minor office tasks assistance",N/A,N/A,1 Post,First Shift (Day),First Shift (Day),Lahore,No Preference,Bachelors,Entry Level,N/A,"Nov 30, 2025","Oct 30, 2025"
Lahore,Compliance Executive -  ISO 9001,https://www.rozee.pk/metallogen-pvt-ltd-compliance-executive-iso-9001-lahore-jobs-1742974?utm_source=jobSearch&utm_medium=website&utm_content=jobSearch_1742974&utm_campaign=ROZEE.PK_job_search&utm_term=undefined,Metallogen (Pvt.) Ltd,//www.rozee.pk/company/metallogen-pvt-ltd,Lahore,"PKR. 60,000 - 80,000/Month",18 views,Posted 7 hours ago,Null,"Front-End Engineering, Capable Of Setting And Monitoring SMART Objective, Familiarity With AI Tolls And Techniques Is An, MS Office, Statistical Data Analysis, Proficiency On Quality Tools, Strong Understanding Of  ISO 9001:2015 Standaeds",Manufacturing,Quality Assurance (QA),1 Post,First Shift (Day),Full Time/Permanent,Lahore,No Preference,Bachelors,Experienced Professional,N/A,"Nov 30, 2025","Oct 30, 2025"
Lahore,Business Development Executive,https://www.rozee.pk/ninja-softs-pvt-limited-business-development-executive-jobs-1742336?utm_source=jobSearch&utm_medium=website&utm_content=jobSearch_1742336&utm_campaign=ROZEE.PK_job_search&utm_term=undefined,Ninja Softs (PVT) Limited,//www.rozee.pk/company/ninja-softs-pvt-limited,Multiple Cities,N/A,98 views,Posted 7 hours ago,Null,"Fluent In English, Digital Business Development, Business Development Strategies, Lead Genaration Skills, B2B Business Development, Building Business Relationship, Sales Operations",Information Technology,Sales & Business Development,1 Post,Work from Home,Full Time/Permanent,"Islamabad, Gujranwala, Lahore, Rawalpindi, Gujrat, Jhelum, Kharian, Mirpur  (AJK)",No Preference,Bachelors,Entry Level,1 Year (International Sales experience of Digital services will be preferred.),"Nov 13, 2025","Oct 30, 2025"
Lahore,HR Executive,https://www.rozee.pk/hr-executive-lahore-jobs-1743212?utm_source=jobSearch&utm_medium=website&utm_content=jobSearch_1743212&utm_campaign=ROZEE.PK_job_search&utm_term=undefined,Salmandevlopers,javascript:;,Lahore,"PKR. 70,000 - 70,000/Month",45 views,Posted 7 hours ago,Null,"Recruitment Management, Employee Engagement, HR Operations, Communication Skills, Interpersonal Skills, Organizational Skills, Multitasking, HR Record Keeping, Performance evaluation coordination, HR Reporting",N/A,N/A,1 Post,First Shift (Day),First Shift (Day),Lahore,No Preference,Bachelors,Entry Level,N/A,"Nov 30, 2025","Oct 30, 2025"
Lahore,Assistant Project Manager,https://www.rozee.pk/assistant-project-manager-lahore-jobs-1743202?utm_source=jobSearch&utm_medium=website&utm_content=jobSearch_1743202&utm_campaign=ROZEE.PK_job_search&utm_term=undefined,ARVO - Punjab Group,javascript:;,Lahore,"PKR. 80,000 - 80,000/Month",43 views,Posted 7 hours ago,Null,"Project Coordination, Operations Support, Administrative Support, Organizational Skills, Communication, Time Management, Attention to Detail, Teamwork, Accountability, Documentation",N/A,N/A,1 Post,First Shift (Day),First Shift (Day),Lahore,No Preference,Bachelors,Entry Level,N/A,"Nov 30, 2025","Oct 30, 2025"
Lahore,HR Manager,https://www.rozee.pk/hr-manager-lahore-jobs-1743200?utm_source=jobSearch&utm_medium=website&utm_content=jobSearch_1743200&utm_campaign=ROZEE.PK_job_search&utm_term=undefined,SM Solar Pvt,javascript:;,Lahore,"PKR. 70,000 - 70,000/Month",22 views,Posted 7 hours ago,Null,"Human Resources, Recruitment, Employee Engagement, Performance Management, HR Policies, Labor Laws, Microsoft Office, Communication, Interpersonal Skills, Organizational Skills",N/A,N/A,1 Post,First Shift (Day),"The HR Manager will oversee daily human resources operations to ensure effective management of recruitment, employee engagement, performance management, and policy enforcement. This role is crucial in maintaining smooth HR processes and fostering a positive, productive work environment that supports the company’s culture and strategic goals.Key ResponsibilitiesRecruitment & Onboarding: Manage the full recruitment lifecycle, including posting job openings, shortlisting candidates, conducting interviews, and issuing offer letters. Maintain talent pipelines and work closely with department heads to meet hiring needs. Conduct onboarding sessions to help new employees integrate smoothly into the organization.Employee Relations & Engagement: Act as the primary contact for employee inquiries and concerns. Organize employee engagement activities, training programs, and wellness initiatives. Support conflict resolution and promote an inclusive, positive workplace culture.HR Operations & Compliance: Maintain accurate employee records and HR documentation. Implement HR policies in line with company standards and legal requirements. Oversee attendance tracking, leave management, and coordinate payroll processes with the accounts department.Performance Management: Assist in implementing performance appraisal systems and feedback processes. Support managers in goal setting and employee development planning. Identify training needs and coordinate relevant workshops or skill enhancement sessions.Reporting & Administration: Prepare regular HR reports on headcount, turnover, and recruitment metrics. Support HR audits and ensure timely renewal of employment-related documentation.Required QualificationsA Bachelor’s or Master’s degree in Human Resources, Business Administration, or a related field is required. Candidates should have 2 to 4 years of relevant HR experience, with a strong understanding of HR processes, labor laws, and industry best practices. Excellent communication, interpersonal, and organizational skills are essential, along with proficiency in Microsoft Office applications.Preferred Qualifications and BenefitsThe ideal candidate will be self-motivated, detail-oriented, and adaptable to a fast-paced work environment. Integrity, confidentiality, and professionalism are critical attributes. The ability to multitask effectively and remain composed under pressure is highly valued.Job Type: Full-time  Compensation: Rs 70,000 to Rs 100,000 per month  Work Location: On-site (in person)/Skills 
                                            
                                                            
                                                                                                                                                                                                      
                                                                        Human Resources
                                                                    
                                                                                                                                                                                                       
                                                                        Recruitment
                                                                    
                                                                                                                                                                                                       
                                                                        Employee Engagement
                                                                    
                                                                                                                                                                                                       
                                                                        Performance Management
                                                                    
                                                                                                                                                                                                       
                                                                        HR Policies
                                                                    
                                                                                                                                                                                                       
                                                                        Labor Laws
                                                                    
                                                                                                                                                                                                       
                                                                        Microsoft Office
                                                                    
                                                                                                                                                                                                       
                                                                        Communication
                                                                    
                                                                                                                                                                                                       
                                                                        Interpersonal Skills
                                                                    
                                                                                                                                                                                                       
                                                                        Organizational Skills/Job Details
                                                                                                        
                                                            
                                                            
                                                                                                                                                                            
                                                            
                                                                
    
                                                                    Total Positions:
                                                                
                                                                
                                                                    1 Post
                                                                
    
                                                            
                                                            
                                                                                                                
                                                                
    
                                                                    Job Shift:
                                                                
                                                                
                                                                    First Shift (Day)
    
                                                                
    
                                                            
                                                            
                                                                                                                    
                                                                
                                                                    Job Type:
                                                                
                                                                 First Shift (Day)
                                                            
                                                            
                                                            
                                                                                                           
                                                            
                                                                
                                                                                                                                         Job Location:
                                                                                                                                    
                                                                
                                                                                                                                            
                                                                                                                                                                                                                                                                                                            Lahore,
                                                                                                                                                                                                                                                                                            Pakistan
                                                                
                                                            
                                                        
                                                        

            
                                                            
                                                            
                                                                                                                    
                                                                
                                                                    Gender:
                                                                
                                                                
                                                                    No Preference
    
                                                                
                                                            
    
                                                                
                                                                
                                                                                                                        
                                                                                                                                                                                    
                                                                    
                                                                        Age:
                                                                    
                                                                    
                                                                        18 - 65 Years
                                                                    
                                                                
                                                                                                                        
                                                                                                                    
                                                                
    
                                                                    Minimum Education:
                                                                
                                                                
                                                                    Bachelors
                                                                
    
                                                            
                                                                                                                                                                                                                                    
                                                                
    
                                                                    Career Level:
                                                                
                                                                
                                                                    Entry Level
                                                                
    
                                                            
                                                                                                                
                                                                                                                                                                                    
                                                                    
                                                                        Maximum Experience:
                                                                    
                                                                    
                                                                        2 Years
                                                                    
                                                                
                                                                                                                    
                                                                                                            
                                                        
    
    
                                                                                                                                                                            
                                                            
                                                            
                                                            
                                                            
                                                            
                                                                
    
                                                                    Apply Before:
                                                                
                                                                
                                                                    Nov 30, 2025
                                                                
    
                                                            
                                                            
                                                            
                                                            
                                                                
    
                                                                    Posting Date:
                                                                
                                                                
                                                                    Oct 30, 2025/First Shift (Day)/Lahore/Pakistan",Lahore,No Preference,Bachelors,Entry Level,N/A,"Nov 30, 2025","Oct 30, 2025"
Lahore,Customer Support Agent,https://www.rozee.pk/customer-support-agent-lahore-jobs-1743198?utm_source=jobSearch&utm_medium=website&utm_content=jobSearch_1743198&utm_campaign=ROZEE.PK_job_search&utm_term=undefined,IGET Solutions PVT,javascript:;,Lahore,"PKR. 80,000 - 80,000/Month",22 views,Posted 7 hours ago,Null,"Strong Communication Skills, Problem-solving Skills, Attention to Detail, ability to work independently and in a team, Flexibility to work night shifts",N/A,N/A,1 Post,First Shift (Day),First Shift (Day),Lahore,No Preference,Bachelors,Entry Level,N/A,"Nov 30, 2025","Oct 30, 2025"
Lahore,Chief of Staff / Operations / Marketing Lead,https://www.rozee.pk/it-company-chief-of-staff-operations-marketing-lead-jobs-1743168?utm_source=jobSearch&utm_medium=website&utm_content=jobSearch_1743168&utm_campaign=ROZEE.PK_job_search&utm_term=undefined,IT Company,//www.rozee.pk/company/it-company,Multiple Cities,"PKR. 100,000 - 125,000/Month",70 views,Posted 7 hours ago,Null,"Communion   Skills, Operating Efficiencies, Leadership Management, Marketing Strategie",Information Technology,Operations,1 Post,Work from Home,Full Time/Permanent,"Islamabad, Karachi, Lahore",No Preference,Bachelors,Experienced Professional,2 Years,"Nov 30, 2025","Oct 30, 2025"
Lahore,Trainee – Finance,https://www.rozee.pk/trainee-%e2%80%93-finance-lahore-jobs-1743176?utm_source=jobSearch&utm_medium=website&utm_content=jobSearch_1743176&utm_campaign=ROZEE.PK_job_search&utm_term=undefined,ARSH INDUSTRIES SMC-PVT,javascript:;,Lahore,"PKR. 25,000 - 25,000/Month",8 views,Posted 7 hours ago,Null,"Finance, Accounting, Financial Reporting, Market Research, Promotional Strategies, Microsoft Excel, Microsoft Word, Microsoft PowerPoint, Analytical Skills, Communication Skills, Teamwork",N/A,N/A,1 Post,First Shift (Day),First Shift (Day),Lahore,No Preference,Bachelors,Entry Level,N/A,"Nov 30, 2025","Oct 30, 2025"
Lahore,Manager Accounts / Finance,https://www.rozee.pk/syntchem-co-pvt-ltd-manager-accounts-finance-lahore-jobs-1743166?utm_source=jobSearch&utm_medium=website&utm_content=jobSearch_1743166&utm_campaign=ROZEE.PK_job_search&utm_term=undefined,Syntchem Co. (Pvt) Ltd,//www.rozee.pk/company/syntchem-co-pvt-ltd,Lahore,"PKR. 100,000 - 125,000/Month",59 views,Posted 8 hours ago,Null,"Financial Accounting, Financial Statement Analysis, Account Management Skllis",Chemicals,"Accounts, Finance & Financial Services",1 Post,First Shift (Day),Full Time/Permanent,Lahore,No Preference,Bachelors,Experienced Professional,15 Years,"Nov 30, 2025","Oct 30, 2025"
Lahore,Fashion Designer / Design Coordinator,https://www.rozee.pk/the-stitch-studio-fashion-designer-design-coordinator-lahore-jobs-1742456?utm_source=jobSearch&utm_medium=website&utm_content=jobSearch_1742456&utm_campaign=ROZEE.PK_job_search&utm_term=undefined,The Stitch Studio,//www.rozee.pk/company/the-stitch-studio,Lahore,N/A,5 views,Posted 8 hours ago,Null,"Artistic Abilities, pret, Fashion, Adobe Designs, Creative Design Making, Pattern Design, Fashion Illustration",N/A,Creative Design,1 Post,First Shift (Day),Full Time/Permanent,Lahore,Female,Bachelors,Entry Level,N/A,"Nov 30, 2025","Oct 30, 2025"
Lahore,Senior WordPress Developer,https://www.rozee.pk/ninja-softs-pvt-limited-senior-wordpress-developer-islamabadlahorerawalpindigujranwalagujratkharianlalamusawah-cantt-jobs-1736112?utm_source=jobSearch&utm_medium=website&utm_content=jobSearch_1736112&utm_campaign=ROZEE.PK_job_search&utm_term=undefined,Ninja Softs (PVT) Limited,//www.rozee.pk/company/ninja-softs-pvt-limited,Multiple Cities,N/A,855 views,"Posted Oct 23, 2025",Null,"HTML5, CSS3, WP, WooCommerce, MySQL, Jquery",Information Technology,Software & Web Development,1 Post,First Shift (Day),Full Time/Permanent,"Islamabad, Gujranwala, Lahore, Rawalpindi, Gujrat, Kharian, Wah Cantt, Lalamusa",No Preference,Bachelors,Experienced Professional,N/A,"Nov 08, 2025","Oct 23, 2025"
Lahore,Sales Agent,https://www.rozee.pk/ba-communication-services-sales-agent-lahore-jobs-1726288?utm_source=jobSearch&utm_medium=website&utm_content=jobSearch_1726288&utm_campaign=ROZEE.PK_job_search&utm_term=undefined,BA Communication Services,//www.rozee.pk/company/ba-communication-services,Lahore,"PKR. 35,000 - 40,000/Month",139 views,"Posted Oct 11, 2025",Null,"Bulk Sales, Communication Skills, Sales Management, Sales Operations, Sales Automation",Call Center,Sales & Business Development,20 Posts,Second Shift (Afternoon),Full Time/Permanent,Lahore,No Preference,Bachelors,Experienced Professional,N/A,"Nov 11, 2025","Oct 11, 2025"
Lahore,Administrative Executive,https://www.rozee.pk/affinityvibez-pvt-ltd-administrative-executive-lahore-jobs-1738764?utm_source=jobSearch&utm_medium=website&utm_content=jobSearch_1738764&utm_campaign=ROZEE.PK_job_search&utm_term=undefined,AffinityVibez Pvt Ltd,//www.rozee.pk/company/affinityvibez-pvt-ltd1,Lahore,N/A,227 views,Posted 5 days ago,Null,"Admin Assistantce, Project Administration, Administrative Management",Business Development,Administration,1 Post,First Shift (Day),Full Time/Permanent,Lahore,Female,Bachelors,Experienced Professional,3 Years,"Nov 16, 2025","Oct 24, 2025"
Lahore,Front end Developer Intern,https://www.rozee.pk/front-end-developer-intern-lahore-jobs-1743346?utm_source=jobSearch&utm_medium=website&utm_content=jobSearch_1743346&utm_campaign=ROZEE.PK_job_search&utm_term=undefined,Astute Softwares,javascript:;,Lahore,"PKR. 10,000 - 10,000/Month",18 views,Posted 6 hours ago,Null,"HTML, CSS, JavaScript, React (preferred), Vue.js (preferred), Responsive Design, Code Reviews, Debugging, Team Collaboration",N/A,N/A,1 Post,First Shift (Day),First Shift (Day),Lahore,No Preference,Bachelors,Entry Level,N/A,"Nov 30, 2025","Oct 30, 2025"
Lahore,"Trainee Accountant (ACCA/CA, Fresh Graduates)",https://www.rozee.pk/trainee-accountant-accaca-fresh-graduates-lahore-jobs-1743344?utm_source=jobSearch&utm_medium=website&utm_content=jobSearch_1743344&utm_campaign=ROZEE.PK_job_search&utm_term=undefined,A Accountant,javascript:;,Lahore,"PKR. 50,000 - 50,000/Month",36 views,Posted 6 hours ago,Null,"Accounting Operations, QuickBooks Online, Financial Reporting, Bookkeeping, Bank and card reconciliations, MS Excel, Communication Skills, Organizational Skills, Detail-oriented",N/A,N/A,1 Post,First Shift (Day),First Shift (Day),Lahore,No Preference,Bachelors,Entry Level,N/A,"Nov 30, 2025","Oct 30, 2025"
Lahore,Customer Sales Representative (Fresher)(6:45pm-4:00am),https://www.rozee.pk/customer-sales-representative-fresher645pm-400am-lahore-jobs-1743342?utm_source=jobSearch&utm_medium=website&utm_content=jobSearch_1743342&utm_campaign=ROZEE.PK_job_search&utm_term=undefined,Noah Pro Max,javascript:;,Lahore,"PKR. 40,000 - 40,000/Month",26 views,Posted 6 hours ago,Null,"Excellent English Communication Skills, Strong negotiation and persuasion abilities, Proficiency in CRM Software, Proficiency in Microsoft Office Tools, Ability To Work Night Shifts, Lead Generation, Customer Engagement, Sales and Target Achievement, Client Relationship Management",N/A,N/A,1 Post,First Shift (Day),First Shift (Day),Lahore,No Preference,N/A,Entry Level,N/A,"Nov 30, 2025","Oct 30, 2025"
Rawalpindi,Senior WordPress Developer,https://www.rozee.pk/ninja-softs-pvt-limited-senior-wordpress-developer-islamabadlahorerawalpindigujranwalagujratkharianlalamusawah-cantt-jobs-1736112?utm_source=jobSearch&utm_medium=website&utm_content=jobSearch_1736112&utm_campaign=ROZEE.PK_job_search&utm_term=undefined,Ninja Softs (PVT) Limited,//www.rozee.pk/company/ninja-softs-pvt-limited,Multiple Cities,N/A,856 views,"Posted Oct 23, 2025",Null,"HTML5, CSS3, WP, WooCommerce, MySQL, Jquery",Information Technology,Software & Web Development,1 Post,First Shift (Day),Full Time/Permanent,"Islamabad, Gujranwala, Lahore, Rawalpindi, Gujrat, Kharian, Wah Cantt, Lalamusa",No Preference,Bachelors,Experienced Professional,N/A,"Nov 08, 2025","Oct 23, 2025"
Rawalpindi,Social Media Manager,https://www.rozee.pk/social-media-manager-rawalpindi-jobs-1743284?utm_source=jobSearch&utm_medium=website&utm_content=jobSearch_1743284&utm_campaign=ROZEE.PK_job_search&utm_term=undefined,Think Higher Consultants,javascript:;,Rawalpindi,"PKR. 70,000 - 70,000/Month",14 views,Posted 6 hours ago,Null,"Social Media Marketing, Social Media Optimization (SMO), Content Strategy Development, Social Media Data Analysis, Communication, Writing, Organizational Skills, Time Management, Team Collaboration",N/A,N/A,1 Post,First Shift (Day),First Shift (Day),Rawalpindi,No Preference,Bachelors,Entry Level,N/A,"Nov 30, 2025","Oct 30, 2025"
Rawalpindi,Call Center Agent,https://www.rozee.pk/call-center-agent-telesales-agent-rawalpindi-jobs-1742718?utm_source=jobSearch&utm_medium=website&utm_content=jobSearch_1742718&utm_campaign=ROZEE.PK_job_search&utm_term=undefined,Glow Inc,//www.rozee.pk/company/glow-inc,Rawalpindi,"PKR. 45,000 - 60,000/Month",88 views,Posted 22 hours ago,Null,"Fluent In English, Hard working, Sales",Call Center,Telemarketing,30 Posts,Third Shift (Night),Full Time/Permanent,Rawalpindi,No Preference,Matriculation/O-Level,Entry Level,1 Year (none),"Nov 29, 2025","Oct 29, 2025"
Rawalpindi,Project Manager (On-Site),https://www.rozee.pk/project-manager-on-site-rawalpindi-jobs-1743270?utm_source=jobSearch&utm_medium=website&utm_content=jobSearch_1743270&utm_campaign=ROZEE.PK_job_search&utm_term=undefined,Cloud Rexpo Pvt,javascript:;,Rawalpindi,"PKR. 250,000 - 250,000/Month",11 views,Posted 7 hours ago,Null,"Project Management, Production and web technology development, Planning, Coordinating, Overseeing Projects, Risk Mitigation, Stakeholder Management, Budget Estimation, Scheduling, Communication, PMP Or PRINCE2 Certification, English Proficiency, Presentation Skills, Team coaching and Mentoring",N/A,N/A,1 Post,First Shift (Day),First Shift (Day),Rawalpindi,No Preference,Master,Mid-Level,N/A,"Nov 30, 2025","Oct 30, 2025"
Rawalpindi,Business Development Executive,https://www.rozee.pk/ninja-softs-pvt-limited-business-development-executive-jobs-1742336?utm_source=jobSearch&utm_medium=website&utm_content=jobSearch_1742336&utm_campaign=ROZEE.PK_job_search&utm_term=undefined,Ninja Softs (PVT) Limited,//www.rozee.pk/company/ninja-softs-pvt-limited,Multiple Cities,N/A,99 views,Posted 7 hours ago,Null,"Fluent In English, Digital Business Development, Business Development Strategies, Lead Genaration Skills, B2B Business Development, Building Business Relationship, Sales Operations",Information Technology,Sales & Business Development,1 Post,Work from Home,Full Time/Permanent,"Islamabad, Gujranwala, Lahore, Rawalpindi, Gujrat, Jhelum, Kharian, Mirpur  (AJK)",No Preference,Bachelors,Entry Level,1 Year (International Sales experience of Digital services will be preferred.),"Nov 13, 2025","Oct 30, 2025"
Rawalpindi,Front Desk Officer (FDO),https://www.rozee.pk/front-desk-officer-fdo-rawalpindi-jobs-1743214?utm_source=jobSearch&utm_medium=website&utm_content=jobSearch_1743214&utm_campaign=ROZEE.PK_job_search&utm_term=undefined,Nicon Group Of colleges,javascript:;,Rawalpindi,"PKR. 35,000 - 35,000/Month",44 views,Posted 7 hours ago,Null,"Customer Service, Hospitality, Front Office Management, Communication Skills, Organizational Skills, Multitasking, Time Management, Microsoft Office Suite, front desk software, Booking Systems, Phone systems, Billing And Payments, Administrative Skills, Problem Resolution, Interpersonal Skills",N/A,N/A,1 Post,First Shift (Day),First Shift (Day),Rawalpindi,No Preference,Bachelors,Entry Level,N/A,"Nov 30, 2025","Oct 30, 2025"
Rawalpindi,Head Of Finance,https://www.rozee.pk/mgc-developments-head-of-finance-rawalpindi-jobs-1743192?utm_source=jobSearch&utm_medium=website&utm_content=jobSearch_1743192&utm_campaign=ROZEE.PK_job_search&utm_term=undefined,MGC Developments,//www.rozee.pk/company/mgc-developments,Rawalpindi,N/A,70 views,Posted 7 hours ago,Null,"Financial Statement Analysis+, Financial Accounting, Corporate Finance, Finance Consulting, 4 Knowledge of Taxation, Financial Analysis",Real Estate/Property,"Accounts, Finance & Financial Services",1 Post,First Shift (Day),Full Time/Permanent,Rawalpindi,Male,Masters,Department Head,5 Years,"Nov 26, 2025","Oct 30, 2025"
Rawalpindi,Italian Translator,https://www.rozee.pk/f-and-s-global-private-limited-italian-translator-islamabad-rawalpindi-jobs-1743142?utm_source=jobSearch&utm_medium=website&utm_content=jobSearch_1743142&utm_campaign=ROZEE.PK_job_search&utm_term=undefined,F and S Global Private Limited,//www.rozee.pk/company/f-and-s-global-private-limited,Multiple Cities,"PKR. 45,000 - 50,000/Month",39 views,Posted 8 hours ago,Null,"Confidential Documents Handling, Close Attention to Detail, Bilingual Communication Skills, Time Management",Travel/Tourism/Transportation,Client Services & Customer Support,1 Post,First Shift (Day),Full Time/Permanent,"Islamabad, Rawalpindi",No Preference,Bachelors,Entry Level,1 Year,"Nov 30, 2025","Oct 30, 2025"
Rawalpindi,Relationship Executive,https://www.rozee.pk/united-bank-limited-ubl-relationship-executive-all-cities-jobs-1742118?utm_source=jobSearch&utm_medium=website&utm_content=jobSearch_1742118&utm_campaign=ROZEE.PK_job_search&utm_term=undefined,United Bank Limited (UBL),//www.rozee.pk/company/united-bank-limited-ubl,All Cities,N/A,4677 views,Posted 8 hours ago,Null,"Branch Support., Google Ads Planning, Manage Client Relationships, Client Acquisition Skills",Banking/Financial Services,Client Services & Customer Support,1 Post,First Shift (Day),Full Time/Permanent,All Cities,Male,Intermediate/A-Level,Entry Level,N/A,"Jan 30, 2026","Oct 30, 2025"
Rawalpindi,Social Media Manager,https://www.rozee.pk/executive-search-social-media-manager-jobs-1742988?utm_source=jobSearch&utm_medium=website&utm_content=jobSearch_1742988&utm_campaign=ROZEE.PK_job_search&utm_term=undefined,Executive Search,//www.rozee.pk/company/executive-search,Multiple Cities,N/A,22 views,Posted 9 hours ago,Null,"Team Leadership, social media trend, Lead Generation Strategies, optimize paid ad campaigns, A/B Testing",N/A,N/A,1 Post,N/A,Full Time/Permanent,"Islamabad, Rawalpindi",No Preference,N/A,N/A,3 Years,"Dec 01, 2025","Oct 30, 2025"
Rawalpindi,Sales Executive,https://www.rozee.pk/client-summit-sales-executive-islamabad-rawalpindi-jobs-1742868?utm_source=jobSearch&utm_medium=website&utm_content=jobSearch_1742868&utm_campaign=ROZEE.PK_job_search&utm_term=undefined,CLIENT SUMMIT,//www.rozee.pk/company/client-summit,Multiple Cities,"PKR. 80,000 - 400,000/Month",20 views,Posted 10 hours ago,Null,"Communication Skills, Sales Operations, Sales Management, Sales Automation",Real Estate/Property,Sales & Business Development,10 Posts,Third Shift (Night),Full Time/Permanent,"Islamabad, Rawalpindi",Male,Bachelors,Entry Level,Less than 1 Year (NA),"Nov 29, 2025","Oct 30, 2025"
Rawalpindi,Sales Verifier,https://www.rozee.pk/prime-bpo-5-sales-verifier-rawalpindi-jobs-1742918?utm_source=jobSearch&utm_medium=website&utm_content=jobSearch_1742918&utm_campaign=ROZEE.PK_job_search&utm_term=undefined,Prime BPO 5,//www.rozee.pk/company/prime-bpo-5,Rawalpindi,N/A,11 views,Posted 11 hours ago,Null,"Sales Verification, Communication Skills, Telemarketing Skills, Fluent In English",BPO,Telemarketing,7 Posts,Third Shift (Night),Full Time/Permanent,Rawalpindi,No Preference,Bachelors,Experienced Professional,2 Years,"Nov 05, 2025","Oct 30, 2025"
Rawalpindi,Sales Closer,https://www.rozee.pk/prime-bpo-5-sales-closer-rawalpindi-jobs-1742916?utm_source=jobSearch&utm_medium=website&utm_content=jobSearch_1742916&utm_campaign=ROZEE.PK_job_search&utm_term=undefined,Prime BPO 5,//www.rozee.pk/company/prime-bpo-5,Rawalpindi,N/A,10 views,Posted 11 hours ago,Null,"Sales Operations, Fluent In English, Communication Skills, Customer Analysis",BPO,Telemarketing,7 Posts,Third Shift (Night),Full Time/Permanent,Rawalpindi,No Preference,Bachelors,Experienced Professional,3 Years,"Nov 05, 2025","Oct 30, 2025"
Rawalpindi,Sales Executive,https://www.rozee.pk/client-summit-sales-executive-rawalpindi-jobs-1742844?utm_source=jobSearch&utm_medium=website&utm_content=jobSearch_1742844&utm_campaign=ROZEE.PK_job_search&utm_term=undefined,Client Summit,//www.rozee.pk/company/client-summit,Rawalpindi,"PKR. 80,000 - 400,000/Month",54 views,Posted 22 hours ago,Null,"Partner Engagement Tactics, Sales Environments, Referral Marketing Strategies",N/A,Sales & Business Development,10 Posts,First Shift (Day),Full Time/Permanent,Rawalpindi,Male,Bachelors,Entry Level,N/A,"Nov 30, 2025","Oct 29, 2025"
Rawalpindi,Registration Officer,https://www.rozee.pk/united-human-resource-services-pvt-ltd-registration-officer-rawalpindi-sargodha-bhakkar-hari-pur-jhang-khushab-narowal-zhob-jobs-1742820?utm_source=jobSearch&utm_medium=website&utm_content=jobSearch_1742820&utm_campaign=ROZEE.PK_job_search&utm_term=undefined,United Human Resource Services Pvt Ltd,//www.rozee.pk/company/united-human-resource-services-pvt-ltd12,Multiple Cities,"PKR. 40,000 - 40,000/Month",221 views,Posted 22 hours ago,Null,"Registration, Biometric, Communication Skills",N/A,Administration,35+ Posts,First Shift (Day),Full Time/Permanent,"Rawalpindi, Sargodha, Bhakkar, Hari Pur, Jhang, Khushab, Narowal, Zhob",No Preference,Non-Matriculation,Entry Level,Fresh,"Nov 30, 2025","Oct 29, 2025"
Rawalpindi,eCommerce Store Manager,https://www.rozee.pk/e-manx-soltutions-ecommerce-store-manager-islamabad-rawalpindi-jobs-1742822?utm_source=jobSearch&utm_medium=website&utm_content=jobSearch_1742822&utm_campaign=ROZEE.PK_job_search&utm_term=undefined,E-ManX Soltutions,//www.rozee.pk/company/e-manx-soltutions,Multiple Cities,"PKR. 45,000 - 70,000/Month",83 views,Posted 22 hours ago,Null,"Customer Satisfaction Management, Team  Support, Fluent In English",E-Commerce / E- Business,Client Services & Customer Support,4 Posts,First Shift (Day),Full Time/Permanent,"Islamabad, Rawalpindi",Female,Intermediate/A-Level,Entry Level,Fresh,"Nov 29, 2025","Oct 29, 2025"
Rawalpindi,UPWORK BIDDING EXPERT/OLINE PROPOSALS SPECIALIST,https://www.rozee.pk/upwork-bidding-expertoline-proposals-specialist-rawalpindi-jobs-1742836?utm_source=jobSearch&utm_medium=website&utm_content=jobSearch_1742836&utm_campaign=ROZEE.PK_job_search&utm_term=undefined,CSG Architecture,javascript:;,Rawalpindi,"PKR. 35,000 - 35,000/Month",16 views,Posted 22 hours ago,Null,"Upwork Bidding, Proposal Writing, Client Engagement, Business Development, English Communication, Profile optimization on Upwork, Knowledge of architecture/interior design/3D, Project management tools (Trello, Asana, ClickUp), CRM and Lead Tracking, Negotiation, Market Trend Analysis",N/A,N/A,1 Post,First Shift (Day),First Shift (Day),Rawalpindi,No Preference,Bachelors,Entry Level,N/A,"Nov 29, 2025","Oct 29, 2025"
Rawalpindi,Marketing manager/team leader,https://www.rozee.pk/marketing-managerteam-leader-rawalpindi-jobs-1742782?utm_source=jobSearch&utm_medium=website&utm_content=jobSearch_1742782&utm_campaign=ROZEE.PK_job_search&utm_term=undefined,Aga Khan founds for economic development foudx,javascript:;,Rawalpindi,"PKR. 25,000 - 25,000/Month",14 views,Posted 23 hours ago,Null,"Marketing Strategies, Communication Skills, Interpersonal Skills, Self-Motivation, Team Collaboration, Market Trend Analysis",N/A,N/A,1 Post,First Shift (Day),First Shift (Day),Rawalpindi,Male,Bachelors,Entry Level,N/A,"Nov 29, 2025","Oct 29, 2025"
Rawalpindi,HR Intern,https://www.rozee.pk/hr-intern-rawalpindi-jobs-1742700?utm_source=jobSearch&utm_medium=website&utm_content=jobSearch_1742700&utm_campaign=ROZEE.PK_job_search&utm_term=undefined,PanaceaLogics,javascript:;,Rawalpindi,"PKR. 15,000 - 15,000/Month",23 views,Posted Yesterday,Null,"Attendance Systems, Attention to Detail, Organizational Skills, Confidentiality, Interpersonal Skills, Communication Skills, Microsoft Office Suite, HR Compliance, HR Operations, Employee Relations, Talent Acquisition, Payroll, Employee Benefits Administration, Employee Onboarding, HR Databases, Employee Records Management, Recruitment Process, Applicant Tracking, Interview Coordination, Candidate Sourcing",N/A,N/A,1 Post,First Shift (Day),First Shift (Day),Rawalpindi,No Preference,Bachelors,Entry Level,N/A,"Nov 29, 2025","Oct 29, 2025"
Rawalpindi,BPO Closer – Sales Expert,https://www.rozee.pk/bpo-closer-%e2%80%93-sales-expert-rawalpindi-jobs-1742654?utm_source=jobSearch&utm_medium=website&utm_content=jobSearch_1742654&utm_campaign=ROZEE.PK_job_search&utm_term=undefined,Moji Tech,javascript:;,Rawalpindi,"PKR. 80,000 - 80,000/Month",6 views,Posted Yesterday,Null,"BPO Sales, Sales Closing, Retention, Communication, Negotiation, Persuasion, Time Management, Phone-Based Sales",N/A,N/A,1 Post,First Shift (Day),First Shift (Day),Rawalpindi,No Preference,Bachelors,Entry Level,N/A,"Nov 29, 2025","Oct 29, 2025"
Rawalpindi,AR Billing Specialist (Night),https://www.rozee.pk/ar-billing-specialist-night-rawalpindi-jobs-1742560?utm_source=jobSearch&utm_medium=website&utm_content=jobSearch_1742560&utm_campaign=ROZEE.PK_job_search&utm_term=undefined,LAL Technologies Pvt,javascript:;,Rawalpindi,"PKR. 50,000 - 50,000/Month",10 views,Posted Yesterday,Null,"Accounts Receivable, Claims follow-up, Insurance denials and appeals processing, Attorney settlements review, Pre-authorizations, Regulatory Compliance, Microsoft Excel, Collaboration, Customer Service Support, Knowledge of government insurance regulations, Managed care contractual obligations",N/A,N/A,1 Post,First Shift (Day),First Shift (Day),Rawalpindi,No Preference,Bachelors,Entry Level,N/A,"Nov 29, 2025","Oct 29, 2025"
Rawalpindi,Loan Recovery Officer,https://www.rozee.pk/loan-recovery-officer-rawalpindi-jobs-1742542?utm_source=jobSearch&utm_medium=website&utm_content=jobSearch_1742542&utm_campaign=ROZEE.PK_job_search&utm_term=undefined,Cloud Data Pvt,javascript:;,Rawalpindi,"PKR. 30,000 - 30,000/Month",11 views,Posted Yesterday,Null,"Strong Communication Skills, Negotiation Skills, Analytical Skills, Recovery strategy development",N/A,N/A,1 Post,First Shift (Day),First Shift (Day),Rawalpindi,No Preference,N/A,Entry Level,N/A,"Nov 29, 2025","Oct 29, 2025"
Rawalpindi,Support Associate,https://www.rozee.pk/support-associate-rawalpindi-jobs-1742498?utm_source=jobSearch&utm_medium=website&utm_content=jobSearch_1742498&utm_campaign=ROZEE.PK_job_search&utm_term=undefined,Translation Empire,javascript:;,Rawalpindi,"PKR. 50,000 - 50,000/Month",10 views,Posted Yesterday,Null,"المحاسبة للشركات, Patience, Empathy, Customer-centric mindset, Multitasking, Time Management, Proficiency with computer systems and software, Experience with CRM platforms, Microsoft Office Suite",N/A,N/A,1 Post,First Shift (Day),First Shift (Day),Rawalpindi,Male,Diploma,Entry Level,N/A,"Nov 29, 2025","Oct 29, 2025"
Rawalpindi,Web Developer,https://www.rozee.pk/web-developer-rawalpindi-jobs-1742322?utm_source=jobSearch&utm_medium=website&utm_content=jobSearch_1742322&utm_campaign=ROZEE.PK_job_search&utm_term=undefined,Amigos Engineering Services,javascript:;,Rawalpindi,"PKR. 50,000 - 50,000/Month",29 views,Posted Yesterday,Null,"PHP, Laravel, Wordpress, HTML, CSS, JavaScript, MySQL, API Development, plugin integration, Debugging, Problem-Solving, Communication",N/A,N/A,1 Post,First Shift (Day),First Shift (Day),Rawalpindi,No Preference,Bachelors,Entry Level,N/A,"Nov 29, 2025","Oct 29, 2025"
Rawalpindi,HR Administration (Female Human Resourser),https://www.rozee.pk/hr-administration-female-human-resourser-rawalpindi-jobs-1742292?utm_source=jobSearch&utm_medium=website&utm_content=jobSearch_1742292&utm_campaign=ROZEE.PK_job_search&utm_term=undefined,Corvus outsourcing Pvt,javascript:;,Rawalpindi,"PKR. 50,000 - 50,000/Month",16 views,Posted Yesterday,Null,"Recruitment and sourcing candidates, Interviewing, Employee Onboarding, Digital content development and publication, Employee Relations Management, Performance appraisal implementation, HR Policies Enforcement, Employee Benefits Administration, Strong Interpersonal and Communication Skills, Proficiency In English, Ability To Work Night Shifts, Multitasking in Fast-paced Environment",N/A,N/A,1 Post,First Shift (Day),Contract,Rawalpindi,Male,Bachelors,Entry Level,N/A,"Nov 29, 2025","Oct 29, 2025"
Rawalpindi,uPVC Operators,https://www.rozee.pk/upvc-operators-rawalpindi-jobs-1742268?utm_source=jobSearch&utm_medium=website&utm_content=jobSearch_1742268&utm_campaign=ROZEE.PK_job_search&utm_term=undefined,Buraq Profiles,javascript:;,Rawalpindi,"PKR. 50,000 - 50,000/Month",8 views,Posted Yesterday,Null,"extruder machinery operation, uPVC door manufacturing, WPC door manufacturing, extrusion process knowledge, Equipment Handling, Routine Maintenance, Troubleshooting, Quality Control, Safety Compliance, production teamwork",N/A,N/A,1 Post,First Shift (Day),First Shift (Day),Rawalpindi,No Preference,Bachelors,Entry Level,N/A,"Nov 29, 2025","Oct 29, 2025"
Rawalpindi,SEO Executive,https://www.rozee.pk/seo-executive-rawalpindi-jobs-1742262?utm_source=jobSearch&utm_medium=website&utm_content=jobSearch_1742262&utm_campaign=ROZEE.PK_job_search&utm_term=undefined,Technologies,javascript:;,Rawalpindi,"PKR. 30,000 - 30,000/Month",7 views,Posted Yesterday,Null,"SEO, Keyword Research, On-Page SEO, Off-Page SEO, Technical SEO, Google Analytics, Google Search Console, Ahrefs, SEMRUSH, Data Analysis, Communication",N/A,N/A,1 Post,First Shift (Day),First Shift (Day),Rawalpindi,No Preference,Bachelors,Entry Level,N/A,"Nov 29, 2025","Oct 29, 2025"
Rawalpindi,HSE Officer,https://www.rozee.pk/frontier-platinum-group-hse-officer-faisalabad-lahore-multan-rawalpindi-attock-khushab-sahiwal-sheikhupura-jobs-1742176?utm_source=jobSearch&utm_medium=website&utm_content=jobSearch_1742176&utm_campaign=ROZEE.PK_job_search&utm_term=undefined,Frontier Platinum Group,//www.rozee.pk/company/frontier-platinum-group,Multiple Cities,"PKR. 45,000 - 60,000/Month",149 views,Posted Yesterday,Null,"Fire Control Systems Management, Fire Pumps Knowledge, Environment Health Safety Management, Communication Skills, HSE Auditing, Risk Assessment, Plant HSE Operations, HSE Management Systems",Manufacturing,Manufacturing,1 Post,First Shift (Day),Full Time/Permanent,"Faisalabad, Lahore, Multan, Rawalpindi, Attock, Khushab, Sahiwal, Sheikhupura",No Preference,Intermediate/A-Level,Experienced Professional,N/A,"Nov 29, 2025","Oct 29, 2025"
Rawalpindi,Health / Safety officer,https://www.rozee.pk/the-bkry-health-safety-officer-islamabad-lahore-rawalpindi-jobs-1742128?utm_source=jobSearch&utm_medium=website&utm_content=jobSearch_1742128&utm_campaign=ROZEE.PK_job_search&utm_term=undefined,The BKRY,//www.rozee.pk/company/the-bkry1,Multiple Cities,N/A,80 views,Posted Yesterday,Null,"Field Inspection, Hygiene Standards, Fast Food Knowledge, Quality Control, Hygine Management, HACCP",Hotel Management / Restaurants,Safety & Environment,5 Posts,First Shift (Day),Full Time/Permanent,"Islamabad, Lahore, Rawalpindi",Male,Bachelors,Entry Level,N/A,"Nov 29, 2025","Oct 29, 2025"
Rawalpindi,Office Assistant/Driver,https://www.rozee.pk/office-assistantdriver-rawalpindi-jobs-1742114?utm_source=jobSearch&utm_medium=website&utm_content=jobSearch_1742114&utm_campaign=ROZEE.PK_job_search&utm_term=undefined,HIVETECH GLOBAL,javascript:;,Rawalpindi,"PKR. 25,000 - 25,000/Month",27 views,Posted Yesterday,Null,"Valid driving license (preferably LTV), Punctuality, Reliability, Familiarity with Rawalpindi and Islamabad routes, Strong Communication Skills, professional demeanor, Vehicle maintenance and basic upkeep, Bank-related activities management",N/A,N/A,1 Post,First Shift (Day),First Shift (Day),Rawalpindi,No Preference,N/A,Entry Level,N/A,"Nov 29, 2025","Oct 29, 2025"
Rawalpindi,Branch Manager / Assistant Branch Manager,https://www.rozee.pk/the-bkry-branch-manager-assistant-branch-manager-islamabad-lahore-rawalpindi-jobs-1742066?utm_source=jobSearch&utm_medium=website&utm_content=jobSearch_1742066&utm_campaign=ROZEE.PK_job_search&utm_term=undefined,The BKRY,//www.rozee.pk/company/the-bkry1,Multiple Cities,N/A,45 views,Posted Yesterday,Null,"Communication Skills, Resolving Conflicts, Flexible Approach, Decision Analysis, Leadership Management, Interpersonal Leadership, Training Developement, Team Mentoring",Hotel Management / Restaurants,Sales & Business Development,6 Posts,First Shift (Day),Full Time/Permanent,"Islamabad, Lahore, Rawalpindi",Male,Bachelors,Experienced Professional,2 Years (leading role particularly in a food one or relevant),"Nov 29, 2025","Oct 29, 2025"
Rawalpindi,QA Engineer,https://www.rozee.pk/qa-engineer-rawalpindi-jobs-1742084?utm_source=jobSearch&utm_medium=website&utm_content=jobSearch_1742084&utm_campaign=ROZEE.PK_job_search&utm_term=undefined,Cuebytes,javascript:;,Rawalpindi,"PKR. 40,000 - 40,000/Month",5 views,Posted Yesterday,Null,"Software Quality Assurance, Testing, QA Methodologies, Manual Testing, Automated Testing, White Box Testing, Black Box Testing, TEST PLAN DEVELOPMENT, Bug Tracking, Problem-Solving, Communication Skills",N/A,N/A,1 Post,First Shift (Day),First Shift (Day),Rawalpindi,No Preference,Bachelors,Entry Level,N/A,"Nov 29, 2025","Oct 29, 2025"
Rawalpindi,Senior Graphic Designer (Team Lead),https://www.rozee.pk/the-bkry-senior-graphic-designer-team-lead-islamabad-rawalpindi-jobs-1742028?utm_source=jobSearch&utm_medium=website&utm_content=jobSearch_1742028&utm_campaign=ROZEE.PK_job_search&utm_term=undefined,The BKRY,//www.rozee.pk/company/the-bkry1,Multiple Cities,N/A,24 views,Posted Yesterday,Null,"Video Editing Techniques, Candid Photography, Distribution  Team Management, High Pressure Situations, Presentation Skills, Interpersonal Leadership, Creative Design Knowledge, Digital Illustration, Canva, Adobe Premiere Pro",Hotel Management / Restaurants,Creative Design,2 Posts,First Shift (Day),Full Time/Permanent,"Islamabad, Rawalpindi",No Preference,Bachelors,Experienced Professional,2 Years,"Nov 29, 2025","Oct 29, 2025"
Rawalpindi,English Teacher (Upper Primary),https://www.rozee.pk/english-teacher-upper-primary-rawalpindi-jobs-1742040?utm_source=jobSearch&utm_medium=website&utm_content=jobSearch_1742040&utm_campaign=ROZEE.PK_job_search&utm_term=undefined,City School Pvt,javascript:;,Rawalpindi,N/A,7 views,Posted Yesterday,Null,"English Language Proficiency, Cambridge curriculum knowledge, Classroom Management, Lesson Planning, Communication Skills, Critical Thinking, Student Assessment",N/A,N/A,1 Post,First Shift (Day),First Shift (Day),Rawalpindi,No Preference,Bachelors,Entry Level,N/A,"Nov 29, 2025","Oct 29, 2025"
Rawalpindi,Data Entry Assistant,https://www.rozee.pk/the-bkry-data-entry-assistant-islamabad-rawalpindi-jobs-1742002?utm_source=jobSearch&utm_medium=website&utm_content=jobSearch_1742002&utm_campaign=ROZEE.PK_job_search&utm_term=undefined,The BKRY,//www.rozee.pk/company/the-bkry1,Multiple Cities,N/A,85 views,Posted Yesterday,Null,"Typing Speed, Record Keeping, Data Management, MS Excel",Hotel Management / Restaurants,Data Entry,10 Posts,First Shift (Day),Full Time/Permanent,"Islamabad, Rawalpindi",No Preference,N/A,Entry Level,N/A,"Nov 29, 2025","Oct 29, 2025"
Rawalpindi,Admin Officer,https://www.rozee.pk/frontier-platinum-group-admin-officer-faisalabad-lahore-multan-peshawar-rawalpindi-sahiwal-sheikhupura-tobatek-singh-jobs-1741956?utm_source=jobSearch&utm_medium=website&utm_content=jobSearch_1741956&utm_campaign=ROZEE.PK_job_search&utm_term=undefined,Frontier Platinum Group,//www.rozee.pk/company/frontier-platinum-group,Multiple Cities,"PKR. 150,000 - 250,000/Month",424 views,Posted Yesterday,Null,"Fund Administration, Admin Task Planning, Branch Administration Skills, Operating System Administration, Project Administration, Administrative Management",Manufacturing,Administration,1 Post,First Shift (Day),Full Time/Permanent,"Faisalabad, Lahore, Multan, Peshawar, Rawalpindi, Sahiwal, Sheikhupura, Tobatek Singh",No Preference,Bachelors,Experienced Professional,N/A,"Nov 29, 2025","Oct 29, 2025"
Rawalpindi,Online Tutor,https://www.rozee.pk/ak-tutoring-online-tutor-jobs-1741948?utm_source=jobSearch&utm_medium=website&utm_content=jobSearch_1741948&utm_campaign=ROZEE.PK_job_search&utm_term=undefined,AK Tutoring,//www.rozee.pk/company/ak-tutoring1,Multiple Cities,"PKR. 60,000 - 90,000/Month",183 views,Posted Yesterday,Null,"Communication Skills, Presentation Skills, Understanding of IELTS Format",Education/Training,"Teachers/Education, Training & Development",4 Posts,Work from Home,Full Time/Permanent,"Islamabad, Karachi, Lahore, Rawalpindi",No Preference,Bachelors,Entry Level,Less than 1 Year,"Nov 29, 2025","Oct 29, 2025"
Rawalpindi,Accountant,https://www.rozee.pk/pine-matchpvtltd-accountant-islamabad-rawalpindi-jobs-1741918?utm_source=jobSearch&utm_medium=website&utm_content=jobSearch_1741918&utm_campaign=ROZEE.PK_job_search&utm_term=undefined,Pine Match(Pvt)Ltd,//www.rozee.pk/company/pine-matchpvtltd,Multiple Cities,N/A,113 views,Posted Yesterday,Null,"Financial Accounting, Account Management Skills, Tax Preparation Skills",Manufacturing,"Accounts, Finance & Financial Services",1 Post,First Shift (Day),Full Time/Permanent,"Islamabad, Rawalpindi",Male,Bachelors,Entry Level,1 Year (Must have minimum 2 years experience in any manufacturing concern.),"Nov 29, 2025","Oct 29, 2025"
Rawalpindi,Team Lead - Full Stack (MERN),https://www.rozee.pk/team-lead-full-stack-mern-rawalpindi-jobs-1741970?utm_source=jobSearch&utm_medium=website&utm_content=jobSearch_1741970&utm_campaign=ROZEE.PK_job_search&utm_term=undefined,Tech Solutions Pro,javascript:;,Rawalpindi,"PKR. 110,000 - 110,000/Month",5 views,Posted Yesterday,Null,"REACT.JS, Node.js, Express.js, Mongodb, MERN Stack, Microservices Architecture, API Design, Cloud deployment (AWS), CI/CD pipelines, Git Version Control, Agile/Scrum, Leadership, Team Management, Analytical Thinking, Problem-Solving, Communication",N/A,N/A,1 Post,First Shift (Day),First Shift (Day),Rawalpindi,No Preference,Bachelors,Entry Level,N/A,"Nov 29, 2025","Oct 29, 2025"
Rawalpindi,Visa / Immigration Officer,https://www.rozee.pk/essexwise-consultants-visa-immigration-officer-islamabad-faisalabad-lahore-rawalpindi-sargodha-jhang-jobs-1741858?utm_source=jobSearch&utm_medium=website&utm_content=jobSearch_1741858&utm_campaign=ROZEE.PK_job_search&utm_term=undefined,Essexwise Consultants,//www.rozee.pk/company/essexwise-consultants,Multiple Cities,N/A,94 views,Posted Yesterday,Null,"Computer Profcient, Global Immigration, Communication Skills, Immigration Process Handling, Visa Process Handling",Consultants,Sales & Business Development,1 Post,First Shift (Day),Part Time,"Islamabad, Faisalabad, Lahore, Rawalpindi, Sargodha, Jhang",Female,Bachelors,Experienced Professional,1 Year,"Nov 11, 2025","Oct 29, 2025"
Rawalpindi,Finance Officer,https://www.rozee.pk/finance-officer-rawalpindi-jobs-1741798?utm_source=jobSearch&utm_medium=website&utm_content=jobSearch_1741798&utm_campaign=ROZEE.PK_job_search&utm_term=undefined,MedAsk Pvt,javascript:;,Rawalpindi,"PKR. 70,000 - 70,000/Month",79 views,Posted Yesterday,Null,"Accounting Principles, Financial Reporting Standards, Audit Requirements, MS Excel, Financial/accounting software, Payment Processing, Organizational Skills, Time Management, Communication, Interpersonal Abilities",N/A,N/A,1 Post,First Shift (Day),First Shift (Day),Rawalpindi,No Preference,Master,Entry Level,N/A,"Nov 29, 2025","Oct 29, 2025"
Rawalpindi,Senior WordPress Developer,https://www.rozee.pk/ninja-softs-pvt-limited-senior-wordpress-developer-islamabadlahorerawalpindigujranwalagujratkharianlalamusawah-cantt-jobs-1736112?utm_source=jobSearch&utm_medium=website&utm_content=jobSearch_1736112&utm_campaign=ROZEE.PK_job_search&utm_term=undefined,Ninja Softs (PVT) Limited,//www.rozee.pk/company/ninja-softs-pvt-limited,Multiple Cities,N/A,857 views,"Posted Oct 23, 2025",Null,"HTML5, CSS3, WP, WooCommerce, MySQL, Jquery",Information Technology,Software & Web Development,1 Post,First Shift (Day),Full Time/Permanent,"Islamabad, Gujranwala, Lahore, Rawalpindi, Gujrat, Kharian, Wah Cantt, Lalamusa",No Preference,Bachelors,Experienced Professional,N/A,"Nov 08, 2025","Oct 23, 2025"
Rawalpindi,Social Media Manager,https://www.rozee.pk/social-media-manager-rawalpindi-jobs-1743284?utm_source=jobSearch&utm_medium=website&utm_content=jobSearch_1743284&utm_campaign=ROZEE.PK_job_search&utm_term=undefined,Think Higher Consultants,javascript:;,Rawalpindi,"PKR. 70,000 - 70,000/Month",15 views,Posted 6 hours ago,Null,"Social Media Marketing, Social Media Optimization (SMO), Content Strategy Development, Social Media Data Analysis, Communication, Writing, Organizational Skills, Time Management, Team Collaboration",N/A,N/A,1 Post,First Shift (Day),First Shift (Day),Rawalpindi,No Preference,Bachelors,Entry Level,N/A,"Nov 30, 2025","Oct 30, 2025"
Rawalpindi,Call Center Agent,https://www.rozee.pk/call-center-agent-telesales-agent-rawalpindi-jobs-1742718?utm_source=jobSearch&utm_medium=website&utm_content=jobSearch_1742718&utm_campaign=ROZEE.PK_job_search&utm_term=undefined,Glow Inc,//www.rozee.pk/company/glow-inc,Rawalpindi,"PKR. 45,000 - 60,000/Month",89 views,Posted 22 hours ago,Null,"Fluent In English, Hard working, Sales",Call Center,Telemarketing,30 Posts,Third Shift (Night),Full Time/Permanent,Rawalpindi,No Preference,Matriculation/O-Level,Entry Level,1 Year (none),"Nov 29, 2025","Oct 29, 2025"
Rawalpindi,Project Manager (On-Site),https://www.rozee.pk/project-manager-on-site-rawalpindi-jobs-1743270?utm_source=jobSearch&utm_medium=website&utm_content=jobSearch_1743270&utm_campaign=ROZEE.PK_job_search&utm_term=undefined,Cloud Rexpo Pvt,javascript:;,Rawalpindi,"PKR. 250,000 - 250,000/Month",12 views,Posted 7 hours ago,Null,"Project Management, Production and web technology development, Planning, Coordinating, Overseeing Projects, Risk Mitigation, Stakeholder Management, Budget Estimation, Scheduling, Communication, PMP Or PRINCE2 Certification, English Proficiency, Presentation Skills, Team coaching and Mentoring",N/A,N/A,1 Post,First Shift (Day),First Shift (Day),Rawalpindi,No Preference,Master,Mid-Level,N/A,"Nov 30, 2025","Oct 30, 2025"
Rawalpindi,Business Development Executive,https://www.rozee.pk/ninja-softs-pvt-limited-business-development-executive-jobs-1742336?utm_source=jobSearch&utm_medium=website&utm_content=jobSearch_1742336&utm_campaign=ROZEE.PK_job_search&utm_term=undefined,Ninja Softs (PVT) Limited,//www.rozee.pk/company/ninja-softs-pvt-limited,Multiple Cities,N/A,100 views,Posted 7 hours ago,Null,"Fluent In English, Digital Business Development, Business Development Strategies, Lead Genaration Skills, B2B Business Development, Building Business Relationship, Sales Operations",Information Technology,Sales & Business Development,1 Post,Work from Home,Full Time/Permanent,"Islamabad, Gujranwala, Lahore, Rawalpindi, Gujrat, Jhelum, Kharian, Mirpur  (AJK)",No Preference,Bachelors,Entry Level,1 Year (International Sales experience of Digital services will be preferred.),"Nov 13, 2025","Oct 30, 2025"
Rawalpindi,Front Desk Officer (FDO),https://www.rozee.pk/front-desk-officer-fdo-rawalpindi-jobs-1743214?utm_source=jobSearch&utm_medium=website&utm_content=jobSearch_1743214&utm_campaign=ROZEE.PK_job_search&utm_term=undefined,Nicon Group Of colleges,javascript:;,Rawalpindi,"PKR. 35,000 - 35,000/Month",45 views,Posted 7 hours ago,Null,"Customer Service, Hospitality, Front Office Management, Communication Skills, Organizational Skills, Multitasking, Time Management, Microsoft Office Suite, front desk software, Booking Systems, Phone systems, Billing And Payments, Administrative Skills, Problem Resolution, Interpersonal Skills",N/A,N/A,1 Post,First Shift (Day),First Shift (Day),Rawalpindi,No Preference,Bachelors,Entry Level,N/A,"Nov 30, 2025","Oct 30, 2025"
Rawalpindi,Head Of Finance,https://www.rozee.pk/mgc-developments-head-of-finance-rawalpindi-jobs-1743192?utm_source=jobSearch&utm_medium=website&utm_content=jobSearch_1743192&utm_campaign=ROZEE.PK_job_search&utm_term=undefined,MGC Developments,//www.rozee.pk/company/mgc-developments,Rawalpindi,N/A,71 views,Posted 7 hours ago,Null,"Financial Statement Analysis+, Financial Accounting, Corporate Finance, Finance Consulting, 4 Knowledge of Taxation, Financial Analysis",Real Estate/Property,"Accounts, Finance & Financial Services",1 Post,First Shift (Day),Full Time/Permanent,Rawalpindi,Male,Masters,Department Head,5 Years,"Nov 26, 2025","Oct 30, 2025"
Rawalpindi,Italian Translator,https://www.rozee.pk/f-and-s-global-private-limited-italian-translator-islamabad-rawalpindi-jobs-1743142?utm_source=jobSearch&utm_medium=website&utm_content=jobSearch_1743142&utm_campaign=ROZEE.PK_job_search&utm_term=undefined,F and S Global Private Limited,//www.rozee.pk/company/f-and-s-global-private-limited,Multiple Cities,"PKR. 45,000 - 50,000/Month",40 views,Posted 8 hours ago,Null,"Confidential Documents Handling, Close Attention to Detail, Bilingual Communication Skills, Time Management",Travel/Tourism/Transportation,Client Services & Customer Support,1 Post,First Shift (Day),Full Time/Permanent,"Islamabad, Rawalpindi",No Preference,Bachelors,Entry Level,1 Year,"Nov 30, 2025","Oct 30, 2025"
Rawalpindi,Relationship Executive,https://www.rozee.pk/united-bank-limited-ubl-relationship-executive-all-cities-jobs-1742118?utm_source=jobSearch&utm_medium=website&utm_content=jobSearch_1742118&utm_campaign=ROZEE.PK_job_search&utm_term=undefined,United Bank Limited (UBL),//www.rozee.pk/company/united-bank-limited-ubl,All Cities,N/A,4680 views,Posted 8 hours ago,Null,"Branch Support., Google Ads Planning, Manage Client Relationships, Client Acquisition Skills",Banking/Financial Services,Client Services & Customer Support,1 Post,First Shift (Day),Full Time/Permanent,All Cities,Male,Intermediate/A-Level,Entry Level,N/A,"Jan 30, 2026","Oct 30, 2025"
